ACADEMIC YEAR , SEM, COURSE NAME , COURSE TITLE , DEPT , INSTRUCTOR NAME, REGIST, DETAILS
2007-08 , 2 ,AE100 ,INTRODUCTION TO PROFESSION , AE ,K GHOSH,0
2007-08 , 2 ,AE211 ,AERODYNAMICS I , AE ,S MITTAL,0
2007-08 , 1 ,AE231 ,ELEMENTS OF VIBRATION , AE ,D YADAV,0
2007-08 , 3 ,AE232 ,AIRCRAFT STRUCTURES - I , AE ,D YADAV,0
2007-08 , 2 ,AE232 ,AIRCRAFT STRUCTURES - I , AE ,D YADAV,0
2007-08 , 2 ,AE312 ,AERODYNAMICS-II , AE ,E RATHA KRISHNAN,0
2007-08 , 1 ,AE319 ,ENERGY FROM THE WIND , AE ,COURSE-DROPPED,0
2007-08 , 1 ,AE321 ,FLIGHT MECHANICS - I , AE ,A TEWARI,0
2007-08 , 2 ,AE322 ,FLIGHT MECHANICS-II , AE ,T G PAI,0
2007-08 , 1 ,AE331 ,EXPERIMENTS IN STRUCTURES , AE ,S KAMLE,0
2007-08 , 2 ,AE332N ,AEROSPACE STRUCTURES II , AE ,C S UPADHYAY,0
2007-08 , 1 ,AE341 ,PROPULSION - I , AE ,D P MISHRA,0
2007-08 , 2 ,AE342 ,PROPULSION-II , AE ,A KUSHARI,0
2007-08 , 1 ,AE361 ,AEROMODELLING DESIGN & FABRICATION , AE ,A KUSHARI,0
2007-08 , 1 ,AE411 ,EXPERIMENTS IN AERODYNAMICS , AE ,E RATHA KRISHNAN,0
2007-08 , 2 ,AE422 ,EXPERIMENTS IN FLIGHT MECHANICS , AE ,A K GHOSH,0
2007-08 , 1 ,AE461 ,AIRCRAFT DESIGN-I , AE ,A.K. GHOSH,0
2007-08 , 2 ,AE462 ,AIRCRAFT DESIGN-II , AE ,C VENKATESAN,0
2007-08 , 1 ,AE471 ,PROJECT-I , AE ,CONVENOR DUGC,0
2007-08 , 2 ,AE472 ,PROJECT-II , AE ,CONVENOR DUGC,0
2007-08 , 1 ,AE490 ,INDUSTRIAL TRAINING , AE ,CONVENOR DUGC,0
2007-08 , 2 ,AE490 ,INDUSTRIAL TRAINING , AE ,CONVENOR DUGC,0
2007-08 , 3 ,AE490 ,INDUSTRIAL TRAINING , AE ,CONVENOR DUGC,0
2007-08 , 1 ,AE601 ,INTRO TO AEROSPACE ENGG. , AE ,K.GHOSH,0
2007-08 , 1 ,AE602 ,MATHEMATICS FOR AEROSPACE ENGG. , AE ,S MITTAL,0
2007-08 , 1 ,AE610 ,AERODYNAMICS-I , AE ,D.DAS,0
2007-08 , 2 ,AE612 ,AERODYNAMICS II , AE ,K PODDAR,0
2007-08 , 2 ,AE614 ,VISCOUS FLOWS , AE ,D DAS,0
2007-08 , 2 ,AE615 ,ADVANCED COMPUTATIONAL METHODS IN CFD , AE ,T K SENGUPTA,0
2007-08 , 2 ,AE618 ,FINITE ELEMENT METHODS FOR FLUID DYNAMICS , AE ,S MITTAL,0
2007-08 , 1 ,AE622 ,COMPUTATIONAL FLUID DYNAMICS , AE ,T K SENGUPTA,0
2007-08 , 1 ,AE625 ,TRANSITION AND TURBULENCE , AE ,T K SENGUPTA,0
2007-08 , 2 ,AE629 ,ADVANCES IN WIND ENERGY CONVERSION , AE ,KUNAL GHOSH,0
2007-08 , 1 ,AE642 ,SPACE DYNAMICS-II , AE ,COURSE DROPPED,0
2007-08 , 1 ,AE646 ,CONTROL THEORY , AE ,A TEWARI,0
2007-08 , 1 ,AE647 ,FLIGHT DYNAMICS , AE ,T G PAI,0
2007-08 , 2 ,AE648 ,FLIGHT STABILITY AND CONTROL , AE ,A TEWARI,0
2007-08 , 2 ,AE651 ,APPLIED COMBUSTION , AE ,D P MISHRA,0
2007-08 , 1 ,AE652 ,AIRCRAFT PROPULSION , AE ,R K SULLERY,0
2007-08 , 1 ,AE670 ,AEROSPACE STRUCTURAL ANALYSIS - I , AE ,M SIVA SAMBU,0
2007-08 , 1 ,AE678 ,THEORY OF VIBRATIONS , AE ,C VENKATESAN,0
2007-08 , 2 ,AE681 ,COMPOSITE MATERIALS , AE ,C S UPADHYAY,0
2007-08 , 2 ,AE686 ,HELICOPTER THEORY : DYNAMICS AND AEROELASTICITY , AE ,C VENKATESAN,0
2007-08 , 2 ,AE687 ,AEROSPACE STRUC ANALYSIS II , AE ,D YADAV,0
2007-08 , 1 ,AE690 ,HIGH TEMPERATURE GAS DYNAMICS , AE ,E RATHAKRISHNAN,0
2007-08 , 1 ,AE699 ,M TECH THESIS , AE ,CONVENOR DPGC,0
2007-08 , 2 ,AE699 ,M TECH THESIS , AE ,CONVENOR DPGC,0
2007-08 , 3 ,AE699 ,M TECH THESIS , AE ,,0
2007-08 , 1 ,AE699. ,M TECH THESIS (FOR DUAL DEGREE ONLY) , AE ,SANJAY MITTAL,0
2007-08 , 2 ,AE699. ,M TECH THESIS (FOR DUAL DEGREE ONLY) , AE ,CONVENOR DPGC,0
2007-08 , 3 ,AE699. ,M TECH THESIS (FOR DUAL DEGREE ONLY) , AE ,CONVENOR DUGC,0
2007-08 , 1 ,AE752 ,PRINCIPLES OF ACOUSTICS , AE ,A KUSHARI,0
2007-08 , 1 ,AE799 ,PHD THESIS , AE ,CONVENOR DPGC,0
2007-08 , 2 ,AE799 ,PHD THESIS , AE ,CONVENOR DPGC,0
2007-08 , 3 ,AE799 ,PHD THESIS , AE ,,0
2007-08 , 1 ,ART102 ,INTRODUCTION TO ART CRITICISM AND APPRECIATION , HSS ,AMIT RAY,0
2007-08 , 1 ,ART402 ,MODERN ART , HSS ,KOUMUDI P PATIL,0
2007-08 , 2 ,ART406 ,ENVIRONMENTAL DESIGN AND ETHICS , HSS ,AMIT RAY,0
2007-08 , 3 ,ART410 ,VIDEO PRODUCTION - THEORY & PRACTICE , HSS ,SATYAKI ROY,0
2007-08 , 1 ,ART410 ,VIDEO PRODUCTION - THEORY & PRACTICE , HSS ,SATYAKI RAY,0
2007-08 , 1 ,ART411 ,PRINCIPLES OF COMMUNICATION DESIGN , HSS ,COURSE DROPPED,0
2007-08 , 2 ,ART411 ,PRINCIPLES OF COMMUNICATION DESIGN , HSS ,KOUMUDGI  PATIL,0
2007-08 , 2 ,BSE100 ,INTRODUCTION TO BIOLOGICAL SCIENCES &amp; BIOENGG. , BSBE ,CONVENOR DUGC,0
2007-08 , 1 ,BSE211 ,CELLULAR AND ORGANISMAL BIOLOGY , BSBE ,P SINHA,0
2007-08 , 2 ,BSE212 ,MOLECULAR BIOLOGY , BSBE ,J SEN,0
2007-08 , 2 ,BSE214 ,BIOMECHANICS , BSBE ,A PAL,0
2007-08 , 2 ,BSE216 ,BIOCHEMISTRY , BSBE ,D BANDOPADHYAY,0
2007-08 , 2 ,BSE292 ,BSBE LAB-I MOLECUTAR BIOLOGY , BSBE ,K SUBRAMANIAM,0
2007-08 , 2 ,BSE314 ,BIOMECHANICS , BSBE ,A PAL,0
2007-08 , 2 ,BSE322 ,STRUCTURAL BIOLOGY &amp; BIOINFORMATICS , BSBE ,R SANKARARAMAKRISHNAN,0
2007-08 , 1 ,BSE323 ,PROTEIN STRUCTURE AND ENGINEERING , BSBE ,DR. B PRAKASH,0
2007-08 , 2 ,BSE323 ,PROTEIN STRUCTURE AND ENGINEERING , BSBE ,,0
2007-08 , 1 ,BSE341 ,BIOCHEMICAL ENGINEERING , BSBE ,A KUMAR,0
2007-08 , 1 ,BSE391 ,BSBE LAB-II BIOCHEMISTRY &amp; BIOCHEM. ENGG. , BSBE ,A BANDOPADHYAY,0
2007-08 , 2 ,BSE392 ,BSBE LAB III STRUCTURAL BIOL. &amp; BIOINFORMATICS , BSBE ,B PRAKASH,0
2007-08 , 1 ,BSE452 ,BIOMATERIALS , BSBE ,D S KATTI,0
2007-08 , 2 ,BSE454 ,INTRODUCTION TO TISSUE ENGG. , BSBE ,D S KATTI,0
2007-08 , 2 ,BSE460 ,TRENDS IN BIOLOGY AND BIOENGINEERING RESEARCH , BSBE ,DUGC CONVENER,0
2007-08 , 3 ,BSE460 ,TRENDS IN BIOLOGY AND BIOENGINEERING RESEARCH , BSBE ,K SUBRAMANIAM,0
2007-08 , 2 ,BSE462 ,METHODS IN BIO-TECHNOLOGY-1 , BSBE ,ASHOK KUMAR,0
2007-08 , 1 ,BSE491 ,BSBE LAB IV BIOMECHANICS &amp; BIOMATERIALS , BSBE ,A PAL,0
2007-08 , 1 ,BSE498 ,PROJECT I , BSBE ,CONVENOR DUGC,0
2007-08 , 3 ,BSE499 ,PROJECT II , BSBE ,K SUBRAMANIAM,0
2007-08 , 2 ,BSE499 ,PROJECT II , BSBE ,CONVENOR DUGC,0
2007-08 , 1 ,BSE611 ,INTRODUCTION TO MODERN BIOLOGY , BSBE ,S GANESH,0
2007-08 , 1 ,BSE612 ,MATHEMATICS &amp; STATISTICS FOR BIOLOGISTS , BSBE ,A PAL,0
2007-08 , 1 ,BSE613 ,CELL &amp; MOLECULAR BIOLOGY , BSBE ,K SUBRAMANIAM,0
2007-08 , 1 ,BSE629 ,NEUROBIOLOGY , BSBE ,J SEN,0
2007-08 , 1 ,BSE630 ,DEVELOPMENTAL BIOLOGY I , BSBE ,A BANDYOPADHYAY,0
2007-08 , 2 ,BSE631 ,DEVELOPMENTAL BIOLOGY II , BSBE ,P SINHA,0
2007-08 , 1 ,BSE632 ,STRUCTURAL BIOLOGY &amp; BIOPHYSICS , BSBE ,R SANKARARAMAKRISHNAN,0
2007-08 , 2 ,BSE636 ,HUMAN MOLECULAR GENETICS , BSBE ,S GANESH,0
2007-08 , 2 ,BSE638 ,STRUCTURAL BASIS OF PROTEIN FUNCTION , BSBE ,B PRAKASH,0
2007-08 , 1 ,BSE640 ,BIOMATERIALS , BSBE ,D S KATTI,0
2007-08 , 1 ,BSE641 ,BIOLOGY LAB , BSBE ,D S KATTI,0
2007-08 , 2 ,BSE641 ,BIOLOGY LAB , BSBE ,DPGC CONVENER,0
2007-08 , 2 ,BSE652 ,TISSUE ENGINEERING , BSBE ,D S KATTI,0
2007-08 , 1 ,BSE671 ,RESEARCH METHODS IN BIOLOGICAL SCIENCES , BSBE ,D S KATTI,0
2007-08 , 2 ,BSE671 ,RESEARCH METHODS IN BIOLOGICAL SCIENCES , BSBE ,DPGC CONVENER,0
2007-08 , 1 ,BSE681 ,SPECIAL TOPICS IN BIOLOGICAL SCIENCES &amp; BIOENGINEERING , BSBE ,D S KATTI,0
2007-08 , 2 ,BSE681 ,SPECIAL TOPICS IN BIOLOGICAL SCIENCES &amp; BIOENGINEERING , BSBE ,DPGC CONVENER,0
2007-08 , 1 ,BSE699 ,M.TECH THESIS , BSBE ,D S KATTI,0
2007-08 , 2 ,BSE699 ,M.TECH THESIS , BSBE ,CONVENOR DPGC,0
2007-08 , 3 ,BSE699 ,M.TECH THESIS , BSBE ,CONVENOR DPGC,0
2007-08 , 2 ,BSE701 ,SEMINAR , BSBE ,CONVENOR DPGC,0
2007-08 , 1 ,BSE701 ,SEMINAR , BSBE ,D S KATTI,0
2007-08 , 2 ,BSE702 ,SEMINAR , BSBE ,CONVENOR DPGC,0
2007-08 , 1 ,BSE702 ,SEMINAR , BSBE ,D S KATTI,0
2007-08 , 1 ,BSE799 ,PHD THESIS , BSBE ,D S KATTI,0
2007-08 , 2 ,BSE799 ,PHD THESIS , BSBE ,CONVENOR DPGC,0
2007-08 , 2 ,CE100 ,INTRODUCTION TO PROFESSION , CE ,S CHANDRA,0
2007-08 , 2 ,CE222 ,STRUTURAL ANALYSIS , CE ,D C RAI,0
2007-08 , 2 ,CE242 ,ENGINEERING GEOSCIENCES , CE ,R SINHA,0
2007-08 , 1 ,CE251 ,CONSTRUCTION MATERIALS , CE ,S.K.CHAKRABARTY,0
2007-08 , 2 ,CE312 ,HYDRAULIC ENGINEERING (COURSE DROPPED BY DEPT) , CE ,R SRIVASTAVA,0
2007-08 , 1 ,CE321 ,DESIGN OF STEEL STRUCTURES , CE ,V K GUPTA,0
2007-08 , 2 ,CE322 ,DESIGN OF REINFORCED CONCRETE STRUCTURES , CE ,A KUMAR,0
2007-08 , 1 ,CE331 ,SOIL MECHANICS , CE ,P.K.BASUDHER,0
2007-08 , 2 ,CE332 ,GEOTECHNICAL ENGINEERING , CE ,A PRASHANT,0
2007-08 , 2 ,CE352 ,FUNCTIONAL PLANNING OF BUILDINGS , CE ,,0
2007-08 , 1 ,CE361 ,ENVIRONMENTAL QUALITY &amp; POLLUTION , CE ,MUKESH SHARMA,0
2007-08 , 2 ,CE362 ,WATER SUPPLY &amp; WASTWATER ENGINEERING , CE ,V TARE,0
2007-08 , 1 ,CE371 ,GEOINFORMATICS , CE ,BHARAT LOHANI,0
2007-08 , 1 ,CE373 ,SURVEY AND GEOLOGY CAMP , CE ,,0
2007-08 , 2 ,CE373 ,SURVEY AND GEOLOGY CAMP , CE ,ONKAR DIKSHIT,0
2007-08 , 2 ,CE382 ,TRANSPORTATION ENGINEERING , CE ,A DAS,0
2007-08 , 1 ,CE390 ,INDUSTRIAL TRAINING , CE ,CONVENOR DUGC,0
2007-08 , 2 ,CE390 ,INDUSTRIAL TRAINING , CE ,RAJESH SRIVASTAVA,0
2007-08 , 1 ,CE411 ,ENGINEERING HYDROLOGY , CE ,ASHU JAIN,0
2007-08 , 3 ,CE414 ,RIVER ENGINEERING , CE ,P K MOHAPATRA,0
2007-08 , 1 ,CE414 ,RIVER ENGINEERING , CE ,RAJESH SRIVASTAVA,0
2007-08 , 1 ,CE421 ,STRUCTURAL DESIGN III , CE ,S K JAIN,0
2007-08 , 2 ,CE436 ,MACHINE FOUNDATION DESIGN , CE ,P GHOSH,0
2007-08 , 1 ,CE451 ,SYSTEMS ANALYSIS IN CIVIL ENGG. , CE ,BITHIN DUTTA,0
2007-08 , 2 ,CE452 ,PRINCIPLES OF CONSTRUCTION MANAGEMENT , CE ,S MISRA,0
2007-08 , 2 ,CE463 ,ENVIRONMENTAL IMPACT &amp; RISK ASSESSMENT , CE ,MUKESH  SHARMA,0
2007-08 , 1 ,CE491 ,PROJECT-I , CE ,CONVENOR DUGC,0
2007-08 , 2 ,CE492 ,PROJECT II , CE ,DUGC CONVENOR,0
2007-08 , 1 ,CE601 ,STATISTICAL ANALYSIS FOR CIVIL ENGINEERS , CE ,PARTHA CHAKRABORTY,0
2007-08 , 1 ,CE602N ,ADVANCED MATHEMATICS FOR CIVIL ENGINEERS , CE ,SOUMEN GUHA,0
2007-08 , 1 ,CE611N ,ENGINEERING HYDRAULICS , CE ,RAJESH SRIVASTAVA,0
2007-08 , 2 ,CE612N ,FLUID MECHANICS LABORATORY , CE ,P K MOHAPATRA,0
2007-08 , 2 ,CE614 ,STOCHASTIC HYDROLOGY , CE ,A JAIN,0
2007-08 , 1 ,CE620 ,STRUCTURAL DYNAMICS , CE ,D.C.RAI,0
2007-08 , 1 ,CE621N ,ENGINEERING MECHANICS , CE ,ASHWINI KUMAR,0
2007-08 , 2 ,CE622N ,STABILITY OF STRUCTURES , CE ,S K CHAKRABARTI,0
2007-08 , 1 ,CE623N ,EXPERIMENTAL METHODS IN STRUCTURAL ENGINEERNIG , CE ,D C RAI,0
2007-08 , 2 ,CE629 ,EARTHQUAKE ANALYSIS AND DESIGN OF STRUCTURES , CE ,S K JAIN,0
2007-08 , 2 ,CE630 ,ROCK MECHANICS , CE ,S CHANDRA,0
2007-08 , 1 ,CE631N ,ADVANCED GEOTECHNICAL ENGINEERING , CE ,AMIT PRASHANT,0
2007-08 , 2 ,CE632N ,FOUNDATION ANALYSIS AND DESIGN , CE ,N R PATRA,0
2007-08 , 1 ,CE634N ,GROUND IMPROVEMENT TECHNIQUES , CE ,N R PATRA,0
2007-08 , 1 ,CE635 ,FOUNDATION DYNAMICS , CE ,PRIYANKA GHOSH,0
2007-08 , 2 ,CE638N ,GEOTECHNICAL INVESTIGATIONS FOR CIVIL ENGINEERING PROJECTS , CE ,P K BASUDHAR,0
2007-08 , 2 ,CE640 ,EARTH SYSTEM PROCESSES , CE ,R SINHA,0
2007-08 , 1 ,CE642 ,GEOLOGICAL HAZARDS , CE ,JAVED MALIK,0
2007-08 , 1 ,CE643 ,RESOURCE EXPLORATION TECHNIQUES , CE ,COURSE DROPPED,0
2007-08 , 1 ,CE645 ,PHOTOGEOLOGY IN TERRAIN EVALUATION , CE ,J N MALIK,0
2007-08 , 2 ,CE647 ,PALEOSEISMOLOGY AND TECTONIC GEOMORPHOLOGY , CE ,J N MALIK,0
2007-08 , 1 ,CE671N ,INTRODUCTION TO REMOTE SENSING , CE ,BHARAT LOHANI,0
2007-08 , 2 ,CE672 ,MACHINE PROCESSING OF REMOTELY SENSED DATA , CE ,ONKAR DIKSHIT,0
2007-08 , 2 ,CE673N ,"INSTRUMENTATION, LABORATORY AND FIELD PRACTICES IN GEOINFORMATICS ", CE ,ONKAR DIKSHIT,0
2007-08 , 2 ,CE676 ,PRECISION REMOTE SENSING , CE ,B LOHANI,0
2007-08 , 1 ,CE677N ,GEOSPATIAL DATA PROCESSING , CE ,ONKAR DIXIT,0
2007-08 , 2 ,CE682N ,ANALYSIS AND DESIGN OF TRANSPORTATION INFRASTRUCTURE , CE ,A DAS,0
2007-08 , 1 ,CE683 ,TRAFFIC ENGINEERING , CE ,P CHAKRABARTY,0
2007-08 , 1 ,CE689N ,CHARACTERIZATION OF PAVEMENT MATERIALS AND ANALYSIS OF PAVEMENTS , CE ,ANIMESH DAS,0
2007-08 , 2 ,CE690N ,LABORATORY COURSE IN TRANSPORTATION ENGINEERING , CE ,A DAS,0
2007-08 , 1 ,CE699 ,M. TECH THESIS , CE ,CONVENOR DPGC,0
2007-08 , 2 ,CE699 ,M. TECH THESIS , CE ,CONVENOR DPGC,0
2007-08 , 3 ,CE699 ,M. TECH THESIS , CE ,,0
2007-08 , 1 ,CE699. ,M.TECH THESIS (FOR DUAL DEGREE ONLY) , CE ,RAJESH SRIVASTAVA,0
2007-08 , 2 ,CE699. ,M.TECH THESIS (FOR DUAL DEGREE ONLY) , CE ,CONVENOR DUGC,0
2007-08 , 3 ,CE699. ,M.TECH THESIS (FOR DUAL DEGREE ONLY) , CE ,CONVENOR DUGC,0
2007-08 , 1 ,CE717 ,GROUNDWATER HYDROLOGY &amp; POLLUTANT TRANSPORT , CE ,BITHIN DUTTA,0
2007-08 , 2 ,CE721 ,RANDOM VIBRATIONS , CE ,V K GUPTA,0
2007-08 , 1 ,CE751 ,ADVANCED STATISTICAL METHODS FOR CIVIL ENGINEERS , CE ,,0
2007-08 , 1 ,CE799 ,PHD THESIS , CE ,CONVENOR DPGC,0
2007-08 , 2 ,CE799 ,PHD THESIS , CE ,CONVENOR DPGC,0
2007-08 , 2 ,CHE100 ,INTRODUCTION TO PROFESSION , CHE ,P K BHATTACHARYA,0
2007-08 , 2 ,CHE211 ,FLUID MECHANICS , CHE ,A SHARMA,0
2007-08 , 3 ,CHE221 ,CHEMICAL ENGINEERING THERMODYNAMICS , CHE ,A GHATAK,0
2007-08 , 2 ,CHE221 ,CHEMICAL ENGINEERING THERMODYNAMICS , CHE ,A GHATAK,0
2007-08 , 1 ,CHE251 ,CHEMICAL PROCESS CALCULATION , CHE ,J K SINGH,0
2007-08 , 1 ,CHE312 ,HEAT AND MASS  TRANSFER , CHE ,J P GUPTA,0
2007-08 , 2 ,CHE313 ,SEPARATION PROCESSES , CHE ,V SHANKAR,0
2007-08 , 1 ,CHE331 ,CHEMICAL REACTION ENGINEERING , CHE ,S K GUPTA,0
2007-08 , 1 ,CHE361 ,CHEMICAL PROCESS INDUSTRIES , CHE ,PANKAJ APTE,0
2007-08 , 2 ,CHE362 ,BIOCHEMICAL ENGINEERING , CHE ,G DEO,0
2007-08 , 2 ,CHE381 ,PROCESS DYNAMICS AND CONTROL , CHE ,N KAISTHA,0
2007-08 , 2 ,CHE391 ,UNIT OPERATION LABORATORY-I , CHE ,D KUNZRU,0
2007-08 , 1 ,CHE452 ,COMPUTER APPLICATIONS IN CHEMICAL ENGG. , CHE ,ASHOK KHANNA,0
2007-08 , 2 ,CHE453 ,CHEMICAL ENGINEERING DESIGN , CHE ,A KUMAR,0
2007-08 , 2 ,CHE463 ,ELECTRONIC POLYMERIC &amp; CERAMIC MATERIALS &amp; PROCESSING , CHE ,S PANDA,0
2007-08 , 1 ,CHE492 ,UNIT OPERATION LAB II , CHE ,ANIMANGSU GHATAK,0
2007-08 , 1 ,CHE494 ,SUMMER IN-PLANT TRAINING , CHE ,P K BHATTACHARYA,0
2007-08 , 1 ,CHE495 ,PROJECT-I , CHE ,P K BHATTACHARYA,0
2007-08 , 2 ,CHE496 ,PROJECT II , CHE ,P K BHATTACHARYA,0
2007-08 , 1 ,CHE611 ,TRANSPORT PHENOMENA , CHE ,Y M JOSHI,0
2007-08 , 1 ,CHE612 ,SCIENCE &amp; TECHNOLOGY OF DRUGS , CHE ,ANIL KUMAR,0
2007-08 , 2 ,CHE616 ,MODELLING AND SIMULATION OF SEPARATION PROC. , CHE ,COURSE DROPPED,0
2007-08 , 1 ,CHE618 ,NEW SEPARATION PROCESSES , CHE ,P K BHATTACHARYA,0
2007-08 , 2 ,CHE621 ,THERMODYNAMICS , CHE ,P APTE,0
2007-08 , 2 ,CHE622 ,INTRODUCTION TO MOLECULAR SIMULATIONS , CHE ,J K SINGH,0
2007-08 , 2 ,CHE631 ,CHEMICAL REACTION ENGINEERING , CHE ,D KUNZRU,0
2007-08 , 1 ,CHE633 ,PRINCIPLES OF HETEROGENEOUS CATALYSIS , CHE ,G DEO,0
2007-08 , 1 ,CHE642 ,NUMERICAL METHODS IN CHEMICAL ENGINEERING , CHE ,S GARG,0
2007-08 , 2 ,CHE652 ,OPTIMIZATION , CHE ,S GARG,0
2007-08 , 2 ,CHE658 ,CHEMICAL PLANT SAFETY &amp; HAZARD ASSESSMENT , CHE ,J P GUPTA,0
2007-08 , 1 ,CHE659 ,PROCESS ENGG. PRINCIPLES IN MICRO. FABRICATION , CHE ,SIDDHARTHA PANDA,0
2007-08 , 1 ,CHE662 ,PETROLEUM REFINERY ENGINEERING , CHE ,D KUNZRU,0
2007-08 , 2 ,CHE670 ,INTRODUCTION TO POLYMER SCIENCE AND TECHNOLOGY , CHE ,S K GUPTA,0
2007-08 , 2 ,CHE673 ,"ENVIRONMENTAL POLLUTION: CONTROL, DESIGN AND MODELLING ", CHE ,N VERMA,0
2007-08 , 2 ,CHE676 ,ENGINEERING APPLICATIONS OF RHEOLOGY , CHE ,R CHHABRA,0
2007-08 , 1 ,CHE677 ,INTRODUCTION TO POLYMER PHYSICS AND RHEOLOGY , CHE ,V SHANKAR,0
2007-08 , 1 ,CHE678 ,MECHANICS OF SOFT MATERIALS , CHE ,ANIMANGSU GHATAK,0
2007-08 , 1 ,CHE681 ,ADVANCED PROCESS DYNAMICS &amp; CONTROL , CHE ,N KAISTHA,0
2007-08 , 1 ,CHE688 ,FUNDM. OF COLLOID &amp; INTERFACE SCI. &amp; TECH. , CHE ,COURSE DROPPED,0
2007-08 , 1 ,CHE699 ,M TECH THESIS , CHE ,CONVENOR DPGC,0
2007-08 , 2 ,CHE699 ,M TECH THESIS , CHE ,CONVENOR DPGC,0
2007-08 , 3 ,CHE699 ,M TECH THESIS , CHE ,CONVENOR DPGC,0
2007-08 , 1 ,CHE699. ,M TECH THESIS (FOR DUAL DEGREE ONLY) , CHE ,YOGESH M JOSHI,0
2007-08 , 2 ,CHE699. ,M TECH THESIS (FOR DUAL DEGREE ONLY) , CHE ,CONVENOR DUGC,0
2007-08 , 3 ,CHE699. ,M TECH THESIS (FOR DUAL DEGREE ONLY) , CHE ,CONVENOR DUGC,0
2007-08 , 1 ,CHE701 ,M. TECH. SEMINAR , CHE ,J K SINGH,0
2007-08 , 2 ,CHE701 ,M. TECH. SEMINAR , CHE ,CONVENOR DUGC,0
2007-08 , 2 ,CHE702 ,M TECH SEMINAR , CHE ,CONVENOR DPGC,0
2007-08 , 1 ,CHE799 ,PHD THESIS , CHE ,CONVENOR DPGC,0
2007-08 , 2 ,CHE799 ,PHD THESIS , CHE ,CONVENOR DPGC,0
2007-08 , 3 ,CHE799 ,PHD THESIS , CHE ,,0
2007-08 , 1 ,CHE801 ,PHD SEMINAR , CHE ,J K SINGH,0
2007-08 , 2 ,CHE802 ,PHD SEMINAR , CHE ,N VERMA,0
2007-08 , 2 ,CHM100 ,INTRODUCTION TO PROFESSION , CHM ,M K GHORAI,0
2007-08 , 2 ,CHM101 ,GENERAL CHEMISTRY , CHM ,S P RATH,0
2007-08 , 1 ,CHM101N ,CHEMISTRY LAB , CHM ,F A KHAN,0
2007-08 , 2 ,CHM101N ,CHEMISTRY LAB , CHM ,S P RATH,0
2007-08 , 1 ,CHM201N ,CHEMISTRY , CHM ,A CHANDRA,0
2007-08 , 2 ,CHM201R ,GENERAL CHEMISTRY , CHM ,S S MANOHARAN,0
2007-08 , 1 ,CHM205 ,INDUSTRIAL ORGANIC CHEMISTRY , CHM ,J N MOORTHY,0
2007-08 , 2 ,CHM222 ,BASIC PHYSICAL CHEMISTRY , CHM ,M RANGANATHAN,0
2007-08 , 1 ,CHM301 ,BASIC ORGANIC CHEMISTRY-I , CHM ,M L N RAO,0
2007-08 , 2 ,CHM302 ,BASIC ORGANIC CHEMISTRY II , CHM ,F A KHAN,0
2007-08 , 2 ,CHM341 ,BASIC INORGANIC CHEMISTRY , CHM ,B D GUPTA,0
2007-08 , 2 ,CHM343 ,INORGANIC CHEMISTRY LAB , CHM ,V CHANDRASEKHAR,0
2007-08 , 1 ,CHM401 ,ORGANIC CHEMISTRY I , CHM ,Y D VANKAR,0
2007-08 , 2 ,CHM402 ,ORGANIC CHEMISTRY II , CHM ,M K GHORAI,0
2007-08 , 2 ,CHM404 ,ORGANIC CHEMISTRY LAB. , CHM ,J N MOORTHY,0
2007-08 , 1 ,CHM421 ,PHYSICAL CHEMISTRY I , CHM ,K SRIHARI,0
2007-08 , 2 ,CHM422 ,PHYSICAL CHEMISTRY , CHM ,P GUPTA BHAYA,0
2007-08 , 1 ,CHM423 ,PHYSICAL CHEMISTRY LAB , CHM ,S SUNDAR MANOHARAN,0
2007-08 , 1 ,CHM441 ,INORGANIC CHEMISTRY I , CHM ,V CHANDRASEKHAR,0
2007-08 , 2 ,CHM442 ,INORGANIC CHEMSTRY II , CHM ,R N MUKHERJEE,0
2007-08 , 2 ,CHM443 ,INORGANIC CHEMISTRY LAB , CHM ,S SARKAR,0
2007-08 , 3 ,CHM481 ,BIOSYSTEMS , CHM ,R GURUNATH,0
2007-08 , 2 ,CHM481 ,BIOSYSTEMS , CHM ,R GURUNATH,0
2007-08 , 1 ,CHM503 ,ORGANIC PREPARATION LAB , CHM ,R GURUNATH,0
2007-08 , 1 ,CHM521 ,MATHEMATICS FOR CHEMISTRY , CHM ,CONVENOR DUGC,0
2007-08 , 1 ,CHM602 ,ADVANCED ORGANIC CHEMISTRY II , CHM ,M K GHORAI,0
2007-08 , 1 ,CHM609 ,PRINCIPALES OF ORGANIC CHEMISTRY , CHM ,V K SINGH,0
2007-08 , 1 ,CHM611 ,PHYSICAL ORGANIC CHEMISTRY , CHM ,V K YADAV,0
2007-08 , 2 ,CHM612 ,FRONTIERS IN ORGANIC CHEMISTRY , CHM ,V K SINGH,0
2007-08 , 1 ,CHM616 ,CHEMISTRY OF ORGANOMETALLIC COMPOUNDS , CHM ,J K BERA,0
2007-08 , 1 ,CHM621 ,CHEMICAL BINDING , CHM ,S MANOGARAN,0
2007-08 , 1 ,CHM626 ,SOLID STATE CHEMISTRY , CHM ,N S GAJBHIYE,0
2007-08 , 2 ,CHM626 ,SOLID STATE CHEMISTRY , CHM ,N S GAJBHIYE,0
2007-08 , 1 ,CHM629 ,PRINCIPLES OF PHYSICAL CHEMISTRY , CHM ,P GUPTA-BHAYA,0
2007-08 , 2 ,CHM631 ,APPLICATIONS OF MODERN INSTRUMENTAL METHODS , CHM ,P K BHARADAWAJ,0
2007-08 , 1 ,CHM646 ,BIO-INORGANIC CHEMISTRY , CHM ,S SARKAR,0
2007-08 , 2 ,CHM648 ,THE CHEMISTRY OF METAL-CARBON BOND: STRUCTURE REACTIVITY &amp; APPLICATIONS , CHM ,G ANANTHARAMAN,0
2007-08 , 1 ,CHM649 ,PRINCIPALES OF INORGANIC CHEMISTRY , CHM ,R N MUKHERJEE,0
2007-08 , 2 ,CHM650 ,STATISTICAL MECHANICS &amp; ITS APPL. TO CHEMISTRY , CHM ,A CHANDRA,0
2007-08 , 2 ,CHM651 ,CRYSTAL AND MOLECULAR STRUCTURE DETERMINATION , CHM ,J K BERA,0
2007-08 , 1 ,CHM654 ,SUPRAMOLECULAR CHEMISTRY , CHM ,P K BHARADWAJ,0
2007-08 , 2 ,CHM662 ,CHEMISTRY OF NATURAL PRODUCTS , CHM ,Y D VANKAR,0
2007-08 , 1 ,CHM664 ,MODERN PHYSICAL METHODS IN CHEMISTRY , CHM ,D GOSWAMI,0
2007-08 , 1 ,CHM668 ,ADVANCED MAIN GROUP CHEMISTRY , CHM ,G ANANTHARAMAN,0
2007-08 , 1 ,CHM676 ,INTRODUCTION TO BIONOMOTECHNOLOGY , CHM ,SANDEEP  VERMA,0
2007-08 , 2 ,CHM676 ,INTRODUCTION TO BIONOMOTECHNOLOGY , CHM ,S VERMA,0
2007-08 , 2 ,CHM679 ,MOLECULAR REACTION DYNAMICS , CHM ,K SRIHARI,0
2007-08 , 2 ,CHM689 ,NUCLEAR MAGNETIC RESONANCE SPECTROSCOPY , CHM ,S MANOGARAN,0
2007-08 , 2 ,CHM696 ,QUANTUM COMPUTING , CHM ,D GOSWAMI,0
2007-08 , 1 ,CHM699 ,LASER IN CHEMISTRY AND BIOLOGY , CHM ,CONVENOR DPGC,0
2007-08 , 1 ,CHM700 ,PROJECT , CHM ,CONVENOR DUGC,0
2007-08 , 2 ,CHM700 ,PROJECT , CHM ,CONVENOR DUGC,0
2007-08 , 1 ,CHM700. ,PROJECT , CHM ,CONVENOR DUGC                          1,0
2007-08 , 2 ,CHM700. ,PROJECT , CHM ,CONVENOR DUGC                          1,0
2007-08 , 1 ,CHM799 ,RESEARCH , CHM ,CONVENOR DPGC,0
2007-08 , 2 ,CHM799 ,RESEARCH , CHM ,CONVENOR DPGC,0
2007-08 , 1 ,CHM800 ,GENERAL SEMINAR , CHM ,S VERMA,0
2007-08 , 2 ,CHM800 ,GENERAL SEMINAR , CHM ,CONVENOR DPGC,0
2007-08 , 1 ,CHM801 ,GRADUATE SEMINAR , CHM ,S VERMA,0
2007-08 , 2 ,CHM801 ,GRADUATE SEMINAR , CHM ,CONVENOR DPGC,0
2007-08 , 2 ,CS100 ,INTRODUCTION TO PROFESSION , CSE ,CONVENER DUGC,0
2007-08 , 2 ,CS201 ,DISCRETE MATHEMATICS , CSE ,PIYUSH P KURUR,0
2007-08 , 1 ,CS210 ,DATA STRUCTURES AND ALGORITHMS I , CSE ,SURENDER BASWANA,0
2007-08 , 1 ,CS220 ,INTRODUCTION TO COMPUTER ORGANISATION , CSE ,AJAI JAIN,0
2007-08 , 2 ,CS315 ,PRINCIPLES OF DATA BASE SYSTEMS , CSE ,SUMIT GANGULI,0
2007-08 , 1 ,CS330 ,OPERATING SYSTEMS , CSE ,RAJAT MOONA,0
2007-08 , 2 ,CS335 ,COMPILER DESIGN , CSE ,SANJEEV K AGRAWAL,0
2007-08 , 1 ,CS340 ,THEORY OF COMPUTATION , CSE ,SOMENATH BISWAS,0
2007-08 , 2 ,CS345 ,ALGORITHMS-II , CSE ,SHASHANK K MEHTA,0
2007-08 , 1 ,CS350 ,PRINCIPLES OF PROGRAMMING LANGAUGES , CSE ,HARISH C KARNICK,0
2007-08 , 1 ,CS355 ,PROGRAMMING TOOLS AND TECHNIQUES , CSE ,SANJEEV KUMAR AGGARWAL,0
2007-08 , 2 ,CS355 ,PROGRAMMING TOOLS AND TECHNIQUES , CSE ,SANJEEV K AGARWAL,0
2007-08 , 2 ,CS365 ,ARTIFICIAL INTELLIGENCE PROGRAMMING , CSE ,AMITABHA MUKERJEE,0
2007-08 , 1 ,CS397 ,SPECIAL TOPICS IN COMPUTER SCIENCE , CSE ,CONVENOR DUGC,0
2007-08 , 2 ,CS397 ,SPECIAL TOPICS IN COMPUTER SCIENCE , CSE ,DHEERAJ SANGHI,0
2007-08 , 2 ,CS422 ,COMPUTER ARCHITECTURE , CSE ,AJAI JAIN,0
2007-08 , 1 ,CS425 ,COMPUTER NETWORKS , CSE ,DHEERAJ SANGHI,0
2007-08 , 1 ,CS455 ,INTRODUCTION TO SOFTWARE ENGINEERING , CSE ,T V PRABHAKAR,0
2007-08 , 1 ,CS497 ,SPECIAL TOPICS IN COMPUTER SCIENCE , CSE ,CONVENOR DUGC,0
2007-08 , 2 ,CS497 ,SPECIAL TOPICS IN COMPUTER SCIENCE , CSE ,DHEERAJ SANGHI,0
2007-08 , 1 ,CS498 ,B TECH  PROJECT , CSE ,CONVENOR DUGC,0
2007-08 , 2 ,CS498 ,B TECH  PROJECT , CSE ,DHEERAJ SANGHI,0
2007-08 , 3 ,CS498 ,B TECH  PROJECT , CSE ,CONVENOR DUGC,0
2007-08 , 1 ,CS499 ,B TECH PROJECT , CSE ,CONVENOR DUGC,0
2007-08 , 2 ,CS499 ,B TECH PROJECT , CSE ,DHEERAJ SANGHI,0
2007-08 , 3 ,CS499 ,B TECH PROJECT , CSE ,CONVENOR DUGC,0
2007-08 , 2 ,CS501 ,SECURITY , CSE ,COURSE DROP,0
2007-08 , 2 ,CS502 ,SENSOR NETWORKS , CSE ,COURSE DROP,0
2007-08 , 2 ,CS503 ,KNOWLEDGE REPRESENTATION , CSE ,COURSE DROP,0
2007-08 , 1 ,CS622 ,ADVANCED COMPUTER ARCHITECTURE , CSE ,MAINAK CHAUDHURI,0
2007-08 , 2 ,CS625 ,ADVANCED COMPUTER NETWORKS , CSE ,DHEERAJ SANGHI,0
2007-08 , 2 ,CS632 ,TOPICS IN DISTRIBUTED SYSTEMS , CSE ,RATAN K GHOSH,0
2007-08 , 1 ,CS634 ,MOBILE COMPUTING , CSE ,RATAN KUMAR GHOSH,0
2007-08 , 1 ,CS640 ,COMPUTATIONAL COMPLEXITY , CSE ,MANINDRA AGRAWAL,0
2007-08 , 2 ,CS641 ,MODERN CRYPTOLOGY , CSE ,MANINDRA AGRAWAL,0
2007-08 , 2 ,CS644 ,FINITE AUTOMATA ON INFINITE INPUTS , CSE ,ANIL SETH,0
2007-08 , 1 ,CS646 ,PARALLEL ALGORITHMS , CSE ,SANJEEV SAXENA,0
2007-08 , 2 ,CS646 ,PARALLEL ALGORITHMS , CSE ,PHALGUNI GUPTA,0
2007-08 , 2 ,CS648 ,RANDOMIZED ALGORITHMS , CSE ,SURENDER BASWANA,0
2007-08 , 1 ,CS649 ,LOGIC IN COMPUTER SCIENCE , CSE ,ANIL SETH,0
2007-08 , 2 ,CS663 ,COMPUTATIONAL GEOMETRY , CSE ,SANJEEV SAXENA,0
2007-08 , 2 ,CS674 ,MACHINE LEARNING &amp; KNOWLEDGE DISCOVERY , CSE ,HARISH C KARNICK,0
2007-08 , 1 ,CS676 ,COMPUTER VISION AND IMAGE PROCESSING , CSE ,AMITABHA MUKERJEE,0
2007-08 , 1 ,CS681 ,COMPUTATIONAL NUMBER THEORY AND ALGEBRA , CSE ,PIYUSH P KURUR,0
2007-08 , 1 ,CS697 ,SPECIAL TOPICS IN COMPUTER SCIENCE , CSE ,DPGC CONVENOR,0
2007-08 , 2 ,CS697 ,SPECIAL TOPICS IN COMPUTER SCIENCE , CSE ,CONVENOR DPGC,0
2007-08 , 1 ,CS698G ,GRAPH THEORY , CSE ,SHAHANK K MEHTA,0
2007-08 , 2 ,CS698H ,ADVANCED NATURAL LANGUAGE PROCESSING , CSE ,R M K SINHA,0
2007-08 , 2 ,CS698W ,TOPICS IN BIO-COMPUTING , CSE ,SOMENATH BISWAS,0
2007-08 , 1 ,CS698X ,MULTIMODAL BIOMETRICS , CSE ,PHALGUNI GUPTA,0
2007-08 , 1 ,CS698Z ,PROGRAM OPTIMIZATION FOR MULTICORE ARCHITECTURES , CSE ,SANJEEV KUMAR AGGARWAL,0
2007-08 , 1 ,CS699 ,M TECH THESIS , CSE ,CONVENOR DPGC,0
2007-08 , 2 ,CS699 ,M TECH THESIS , CSE ,CONVENOR DPGC,0
2007-08 , 3 ,CS699 ,M TECH THESIS , CSE ,CONVENOR DPGC,0
2007-08 , 1 ,CS699. ,M TECH THESIS (FOR DUAL DEGREE ONLY) , CSE ,DHEERAJ SANGHI,0
2007-08 , 2 ,CS699. ,M TECH THESIS (FOR DUAL DEGREE ONLY) , CSE ,CONVENOR DPGC,0
2007-08 , 3 ,CS699. ,M TECH THESIS (FOR DUAL DEGREE ONLY) , CSE ,CONVENOR DUGC,0
2007-08 , 1 ,CS719 ,DATA STREAMING: ALGORITHMS &amp; SYSTEMS , CSE ,SUMIT GANGULY,0
2007-08 , 2 ,CS727 ,TOPICS IN INTERNET TECHNOLOGIES , CSE ,T V PRABHKAR,0
2007-08 , 1 ,CS797 ,SPECIAL TOPICS IN COMPUTER SCIENCE , CSE ,SPGC CONVENOR,0
2007-08 , 1 ,CS799 ,PHD THESIS , CSE ,CONVENOR DPGC,0
2007-08 , 2 ,CS799 ,PHD THESIS , CSE ,CONVENOR DPGC,0
2007-08 , 1 ,DES601 ,DESIGN THEORY , MDES ,PROF. AMIT RAY,0
2007-08 , 1 ,DES602 ,DESIGN PRACTICE I , MDES ,PRASHANT KUMAR,0
2007-08 , 2 ,DES603 ,DESIGN PRACTICE II , MDES ,S G DHANDE,0
2007-08 , 1 ,DES622 ,2D AND 3D VISUAL DESIGN , MDES ,KOUMUDI P PATIL,0
2007-08 , 2 ,DES623 ,TOPICS IN MOTION PICTURES , MDES ,SATYAKI ROY,0
2007-08 , 2 ,DES624 ,ELEMENTS AND PRINCIPAL OF DESIGN , MDES ,SATYAKI ROY,0
2007-08 , 2 ,DES627 ,MANAGEMENT OF DESIGN AND INNOVATION , MDES ,JAYANTA CHATTERJEE,0
2007-08 , 2 ,DES628 ,"DESIGN, CULTURE AND SOCIETY ", MDES ,MUNMUN JHA,0
2007-08 , 1 ,DES681 ,DESIGN PROJECT I , MDES ,SANJAY G DHANDE,0
2007-08 , 2 ,DES682 ,DESIGN PROJECT II , MDES ,SATYAKO ROY,0
2007-08 , 1 ,DES698 ,SPECIAL STUDIES/PROJECT COURSES IN DESIGN , MDES ,AMIT RAY,0
2007-08 , 1 ,DES699 ,M DES THESIS , MDES ,ALL SUPERVISORS,0
2007-08 , 2 ,DES699 ,M DES THESIS , MDES ,CONVENOR DPGC,0
2007-08 , 3 ,DES699 ,M DES THESIS , MDES ,CONVENOR DPGC,0
2007-08 , 2 ,ECO100 ,INTRODUCTION TO PROFESSION , HSS ,S SINHA,0
2007-08 , 3 ,ECO201 ,MICROECONOMICS - I , HSS ,S SINHA,0
2007-08 , 1 ,ECO201 ,MICROECONOMICS - I , HSS ,K K SAXENA,0
2007-08 , 2 ,ECO201 ,MICROECONOMICS - I , HSS ,S SINHA,0
2007-08 , 1 ,ECO202 ,MACROECONOMICS , HSS ,COURSE DROPPED,0
2007-08 , 2 ,ECO202 ,MACROECONOMICS , HSS ,K K SAXENA,0
2007-08 , 1 ,ECO231 ,ECONOMIC PROBLEMS AND POLICY , HSS ,P M PRASAD,0
2007-08 , 2 ,ECO231 ,ECONOMIC PROBLEMS AND POLICY , HSS ,P M PRASAD,0
2007-08 , 2 ,ECO303 ,MICRO ECONOMICS II , HSS ,SARNI SAHA,0
2007-08 , 1 ,ECO311 ,ECONOMETRIC METHODS , HSS ,SANJAY KUMAR SINGH,0
2007-08 , 2 ,ECO312 ,ECONOMETRIC PRACTICE , HSS ,CONVENOR DUGC,0
2007-08 , 1 ,ECO321 ,INDUSTRIAL ECONOMICS , HSS ,S K SINGH,0
2007-08 , 2 ,ECO332 ,DEVELOPMENT ECONOMICS , HSS ,B RATH,0
2007-08 , 1 ,ECO333 ,MONEY AND BANKING , HSS ,S SINHA,0
2007-08 , 1 ,ECO341 ,ENVIRONMENTAL ECONOMICS AND POLICY , HSS ,B RATH,0
2007-08 , 2 ,ECO424 ,ECONOMIC ANALYSIS OF LAW , HSS ,P M PRASAD,0
2007-08 , 1 ,ECO734 ,INDUSTRIAL ORGANISATION AND POLICY , HSS ,,0
2007-08 , 2 ,ECO734 ,INDUSTRIAL ORGANISATION AND POLICY , HSS ,,0
2007-08 , 1 ,ECO737 ,ADVANCES IN MICROECONOMIC THEORY , HSS ,SUMIT SARKAR,0
2007-08 , 2 ,ECO738 ,INTER-INDUSTRY ECONOMICS , HSS ,K K SAXENA,0
2007-08 , 2 ,ECO739 ,PROJECT ECONOMICS , HSS ,B RATH,0
2007-08 , 2 ,ECO740 ,SEMINAR ON SELECTED TOPICS IN ADVANCED ECONOMIC ANALYSIS , HSS ,K K SAXENA,0
2007-08 , 1 ,ECO745 ,ADVANCED MONETARY THEORY , HSS ,S SINHA,0
2007-08 , 1 ,ECO747 ,ENVIRONMENTAL ECONOMICS LEGISLATION AND SOCIAL IMPACT , HSS ,B RATH,0
2007-08 , 2 ,ECO751 ,LAW AND ECONOMICS , HSS ,P M PRASAD,0
2007-08 , 1 ,ECO799 ,PHD THESIS , HSS ,CONVENOR DPGC,0
2007-08 , 2 ,ECO799 ,PHD THESIS , HSS ,CONVENOR DPGC,0
2007-08 , 2 ,EE100 ,INTRODUCTION TO PROFESSION , EE ,SUMANA GUPTA,0
2007-08 , 1 ,EE200 ,"SIGNALS, SYSTEMS AND NETWORKS ", EE ,S UMESH,0
2007-08 , 2 ,EE210 ,MICROELECTRONICS-I , EE ,J JOHN,0
2007-08 , 2 ,EE250 ,CONTROL SYSTEMS ANALYSIS , EE ,P K KALRA,0
2007-08 , 2 ,EE301 ,DIGITAL SIGNAL PROCESSING , EE ,S UMESH,0
2007-08 , 2 ,EE311 ,MICROELECTRONICS II , EE ,S S K IYER,0
2007-08 , 1 ,EE311 ,MICROELECTRONICS II , EE ,,0
2007-08 , 1 ,EE320 ,PRINCIPLES OF COMMUNICATIONS , EE ,K VASUDEVAN,0
2007-08 , 3 ,EE320 ,PRINCIPLES OF COMMUNICATIONS , EE ,P SIRCAR,0
2007-08 , 2 ,EE321 ,COMMUNICATION SYSTEMS , EE ,A BANERJEE,0
2007-08 , 1 ,EE330 ,POWER SYSTEMS , EE ,N GUPTA,0
2007-08 , 2 ,EE340 ,ELECTROMAGNETIC THEORY , EE ,A BISWAS,0
2007-08 , 2 ,EE360 ,POWER ELECTRONICS , EE ,A JOSHI,0
2007-08 , 1 ,EE370 ,DIGITAL ELECTRONICS &amp; MICROPROCESSOR TECHNOLOGY , EE ,S P DAS,0
2007-08 , 1 ,EE380 ,ELECTRICAL ENGINEERING LAB I , EE ,R ARORA,0
2007-08 , 2 ,EE381 ,ELECTRICAL ENGINEERING LAB II , EE ,R ARORA,0
2007-08 , 1 ,EE413 ,SEMICONDUCTOR DEVICES TECHNOLOGY , EE ,A K DUTTA,0
2007-08 , 1 ,EE437 ,FUNDAMENTALS OF HV ENGG &amp; LAB TECHNIQUES , EE ,R ARORA,0
2007-08 , 1 ,EE490 ,PROJECT WORK , EE ,CONVENOR DUGC,0
2007-08 , 3 ,EE491 ,PROJECT I , EE ,A BISWAS,0
2007-08 , 1 ,EE491 ,PROJECT I , EE ,CONVENOR DUGC,0
2007-08 , 1 ,EE492 ,PROJECT II , EE ,CONVENOR DUGC,0
2007-08 , 2 ,EE492 ,PROJECT II , EE ,CONVENOR DUGC,0
2007-08 , 1 ,EE603 ,ADVANCED TOPICS IN DIGITAL FILTERING , EE ,SUMANA GUPTA,0
2007-08 , 3 ,EE603 ,ADVANCED TOPICS IN DIGITAL FILTERING , EE ,S GUPTA,0
2007-08 , 1 ,EE604 ,IMAGE PROCESSING , EE ,K S VENKATESH,0
2007-08 , 1 ,EE605 ,INTRODUCTION TO SIGNAL ANALYSIS , EE ,A K CHATURVEDI,0
2007-08 , 1 ,EE606 ,ARCHITECTURE AND APPLICATIONS OF DIGITAL SIGNAL PROCESSORS , EE ,A BANERJEE,0
2007-08 , 2 ,EE607 ,WAVELET TRANSFORMS FOR SIGNAL &amp; IMAGE PROCESSING , EE ,P SIRCAR,0
2007-08 , 1 ,EE609 ,COMPUTER BASED BIOMEDICAL SIGNAL &amp; IMAGE PROCESSING , EE ,COURSE DROPED,0
2007-08 , 1 ,EE610 ,ANALOG/DIGITAL VLSI CIRCUITS , EE ,S QURESHI,0
2007-08 , 1 ,EE612 ,FIBER OPTIC SYSTEMS I , EE ,U DAS,0
2007-08 , 1 ,EE614 ,SOLID STATE DEVICES I , EE ,S S K IYER,0
2007-08 , 2 ,EE616 ,SEMICONDUCTOR DEVICE MODELLING , EE ,ALOKE DUTTA,0
2007-08 , 2 ,EE619 ,VLSI SYSTEM DESIGN , EE ,S QURESHI,0
2007-08 , 1 ,EE621 ,REPRESENTATION AND ANALYSIS OF RANDOM SIGNALS , EE ,G SHARMA,0
2007-08 , 2 ,EE622 ,COMMUNICATION THEORY , EE ,KASTURI  VASUDEVAN,0
2007-08 , 2 ,EE623 ,DETECTION &amp; ESTIMATION THEORY , EE ,G SHARMA,0
2007-08 , 1 ,EE624 ,INFORMATION AND CODING THEORY , EE ,R K BANSAL,0
2007-08 , 2 ,EE626 ,TOPICS IN STOCHASTIC PROCESSES , EE ,R  K BANSAL,0
2007-08 , 2 ,EE629 ,DIGITAL SWITCHING , EE ,Y N SINGH,0
2007-08 , 1 ,EE630 ,SIMULATON OF MODERN POWER SYSTEMS , EE ,S C SRIVASTAVA,0
2007-08 , 1 ,EE632 ,ECONOMIC OPERATION &amp; CONTROL OF POWER SYSTEMS , EE ,S N SINGH,0
2007-08 , 2 ,EE633 ,ELECTRIC POWER SYSTEM OPERATION AND  MGMT. UNDER RESTRUCTURED ENVIRONMENT , EE ,S C SRIVASTAVA,0
2007-08 , 2 ,EE635 ,HVDC TRANSMISSION &amp; FLEXIBLE A C TRANSMISSION SYSTEMS , EE ,S N SINGH,0
2007-08 , 2 ,EE638 ,HIGH VOLTAGE ENGINEERING BEHAVIOUR OF DIELECTRICS , EE ,R ARORA,0
2007-08 , 1 ,EE641 ,ADVANCED ENGINEERING ELECTROMAGNETICS , EE ,M SACHIDANANDA,0
2007-08 , 2 ,EE642 ,ANTENNAS ANALYSIS &amp; SYNTHESIS , EE ,M SACHIDANANDA,0
2007-08 , 1 ,EE645 ,MONOLITHIC MICROWAVE ICS , EE ,A BISWAS,0
2007-08 , 1 ,EE647 ,MICROWAVE MEASUREMENTS AND DESIGN , EE ,A R HARISH,0
2007-08 , 2 ,EE648 ,MICROWAVE CIRCUITS , EE ,M SACHIDANANDA,0
2007-08 , 2 ,EE649 ,THE FINITE ELEMENT METHOD FOR ELECTRIC AND MAGNETIC FIELDS , EE ,N GUPTA,0
2007-08 , 1 ,EE650 ,BASICS OF MODERN CONTROL SYSTEMS , EE ,R POTLURI,0
2007-08 , 1 ,EE658 ,"FUZZY SET, LOGIC &amp; SYSTEMS &amp; APPLICATIONS ", EE ,P K KALRA,0
2007-08 , 1 ,EE660 ,BASICS OF POWER ELECTRONIC CONVERTERS , EE ,A JOSHI,0
2007-08 , 2 ,EE661 ,POWER ELECTRONICS APPLICATIONS IN POWER SYSTEMS , EE ,P SENSARMA,0
2007-08 , 2 ,EE665 ,ADVANCED ELECTRIC DRIVES , EE ,S P DAS,0
2007-08 , 2 ,EE670 ,WIRELESS COMMUNICATIONS , EE ,A K CHATURVEDI,0
2007-08 , 1 ,EE673 ,DIGITAL COMMUNICATION NETWORKS , EE ,Y N SINGH,0
2007-08 , 1 ,EE680 ,INTELLIGENT INSTRUMENTATION , EE ,J JOHN,0
2007-08 , 1 ,EE698A ,APPLIED GAME THEORY , EE ,S KAR,0
2007-08 , 1 ,EE698B ,INTELLIGENT SYSTEMS AND CONTROL , EE ,R M K SINHA,0
2007-08 , 2 ,EE698B ,INTELLIGENT SYSTEMS AND CONTROL , EE ,SUMANA GUPTA,0
2007-08 , 2 ,EE698W ,ORGANIC ELECTRONICS , EE ,S S K IYER,0
2007-08 , 1 ,EE699 ,M TECH THESIS , EE ,CONVENOR DPGC,0
2007-08 , 2 ,EE699 ,M TECH THESIS , EE ,CONVENOR DPGC,0
2007-08 , 3 ,EE699 ,M TECH THESIS , EE ,CONVENOR DPGC,0
2007-08 , 1 ,EE699. ,M TECH THESIS (FOR DUAL DEGREE ONLY) , EE ,A BISWAS,0
2007-08 , 2 ,EE699. ,M TECH THESIS (FOR DUAL DEGREE ONLY) , EE ,CONVENOR DUGC,0
2007-08 , 3 ,EE699. ,M TECH THESIS (FOR DUAL DEGREE ONLY) , EE ,CONVENOR DUGC,0
2007-08 , 1 ,EE799 ,PHD THESIS , EE ,CONVENOR DPGC,0
2007-08 , 2 ,EE799 ,PHD THESIS , EE ,CONVENOR DPGC,0
2007-08 , 1 ,EEM601 ,EARTH AND ENVIRONMENT , CE ,TARUN GUPTA,0
2007-08 , 1 ,EEM602 ,PHYSICOCHEMICAL PRINCIPLES AND PROCESS , CE ,VINOD TARE,0
2007-08 , 1 ,EEM603 ,ECOLOGICAL AND BIOLOGICAL PRINCIPLES AND PROCESS , CE ,S.GUHA,0
2007-08 , 2 ,EEM606 ,AIR POLLUTION AND ITS CONTROL , CE ,TARUN GUPTA,0
2007-08 , 2 ,EEM609 ,MODELING OF NATURAL SYSTEMS , CE ,S GUHA,0
2007-08 , 2 ,EEM610 ,PRINCIPLES AND DESIGN OF WATER SUPPLY AND TREATMENT SYSTEMS , CE ,P BOSE,0
2007-08 , 1 ,EEM699 ,M.TECH THESIS , EEM ,CONVENOR DPGC,0
2007-08 , 2 ,EEM699 ,M.TECH THESIS , EEM ,CONVENOR DPGC,0
2007-08 , 3 ,EEM699 ,M.TECH THESIS , EEM ,CONVENOR DPGC,0
2007-08 , 1 ,ENG112C ,ENGLISH LANGUAGE AND COMMUNICATION SKILLS , HSS ,MINI CHANDRAN                          1,0
2007-08 , 1 ,ENG112S ,ENGLISH LANGUAGE AND COMPOSITION , HSS ,G NEELAKANTAN,0
2007-08 , 2 ,ENG112S ,ENGLISH LANGUAGE AND COMPOSITION , HSS ,A M RAINA,0
2007-08 , 1 ,ENG123 ,INTRODUCTION TO LITERATURE , HSS ,T RAVICHANDRAN,0
2007-08 , 2 ,ENG123 ,INTRODUCTION TO LITERATURE , HSS ,M CHANDRAN,0
2007-08 , 1 ,ENG423 ,CURRENT ISSUES IN LINGUISTICS , HSS ,RAJESH KUMAR,0
2007-08 , 2 ,ENG434 ,MODERN BRITISH AND AMERICAN NOVEL , HSS ,G NEELAKANTAN,0
2007-08 , 1 ,ENG440 ,TOPICS IN LITERARY GENRES , HSS ,SUCHITRA MATHUR,0
2007-08 , 2 ,ENG445 ,LITERATURE &amp; THE INDIVIDUAL , HSS ,T RAVICHANDRAN,0
2007-08 , 2 ,ENG446 ,LITERATURE &amp; ADAPTATION , HSS ,S MATHUR,0
2007-08 , 2 ,ENG451 ,GLOBAL COMMUNICATION , HSS ,T RAVICHANDRAN,0
2007-08 , 3 ,ENG451 ,GLOBAL COMMUNICATION , HSS ,T RAVICHANDRAN,0
2007-08 , 1 ,ENG701 ,FUNDAMENTALS OF MODERN LINGUISTICS , HSS ,ACHLA M RAINA,0
2007-08 , 1 ,ENG709 ,LINGUISTIC ANALYSIS , HSS ,A M RAINA,0
2007-08 , 2 ,ENG710 ,APPROACHES TO THE STUDY OF LITERATURE , HSS ,MINI CHANDRAN,0
2007-08 , 1 ,ENG712 ,LITERATURE AND SOCIETY , HSS ,MINI CHANDRAN,0
2007-08 , 1 ,ENG713 ,THEMES AND VALUES IN MODERN LITERATURE , HSS ,G NEELAKANTAN,0
2007-08 , 1 ,ENG716 ,INDIVIDUAL PROJECTS , HSS ,ACHLA M RAINA,0
2007-08 , 2 ,ENG735 ,COMMONWEALTH LITERATURE , HSS ,SUCHITRA MATHUR,0
2007-08 , 2 ,ENG737 ,LANGUAGE ACQUISITION , HSS ,ACHLA M RAINA,0
2007-08 , 2 ,ENG748 ,COGNITIVE LINGUISTICS , HSS ,ACHLA M RAINA,0
2007-08 , 2 ,ENG749 ,POSTMODERN THEORY AND LITERATURE , HSS ,T RAVICHANDRAN,0
2007-08 , 2 ,ENG750 ,POSTWAR AMERICAN FICTION , HSS ,G NEELAKANTAN,0
2007-08 , 1 ,ENG751 ,CONTEMPORARY CRITICAL THEORIES &amp; LITERARY PRAXES , HSS ,T RAVICHANDRAN,0
2007-08 , 1 ,ENG799 ,PHD THESIS , HSS ,AMMAN MADAN,0
2007-08 , 2 ,ENG799 ,PHD THESIS , HSS ,CONVENOR DPGC,0
2007-08 , 1 ,ESC101N ,FUNDAMENTAL OF COMPUTING , CSE ,MAINAK CHAUDHURI,0
2007-08 , 2 ,ESC101N ,FUNDAMENTAL OF COMPUTING , CSE ,RAJAT MOONA,0
2007-08 , 1 ,ESC102N ,INTRODUCTION TO ELECTRONICS , EE ,P SIRCAR,0
2007-08 , 2 ,ESC102N ,INTRODUCTION TO ELECTRONICS , EE ,UTPAL DAS,0
2007-08 , 1 ,ESO202 ,THERMODYNAMICS , CHE ,M S KALRA,0
2007-08 , 2 ,ESO202 ,THERMODYNAMICS , CHE ,G BISWAS,0
2007-08 , 2 ,ESO204 ,MECHANICS OF SOLIDS , AE ,S KAMLE,0
2007-08 , 1 ,ESO204 ,MECHANICS OF SOLIDS , AE ,C.S.UPADHYAY,0
2007-08 , 1 ,ESO209 ,PROBABILITY AND STATISTICS , MTH ,PRABHA SHARMA,0
2007-08 , 2 ,ESO209 ,PROBABILITY AND STATISTICS , MTH ,AMIT MITRA,0
2007-08 , 1 ,ESO210 ,INTRODUCTION TO ELECTRICAL ENGINEERING , EE ,P SEN SHARMA (EE),0
2007-08 , 2 ,ESO210 ,INTRODUCTION TO ELECTRICAL ENGINEERING , EE ,R POTLURI,0
2007-08 , 1 ,ESO211 ,DATA STRUCTURES AND ALGORITHMS , CSE ,S BASWANA,0
2007-08 , 3 ,ESO212 ,FLUID MECHANICS AND RATE PROCESSES , AE ,RAJESH SRIVASTAVA,0
2007-08 , 1 ,ESO212 ,FLUID MECHANICS AND RATE PROCESSES , AE ,N VERMA,0
2007-08 , 2 ,ESO212 ,FLUID MECHANICS AND RATE PROCESSES , AE ,Y M JOSHI,0
2007-08 , 1 ,ESO214 ,NATURE AND PROPERTIES OF MATERIALS , MME ,ASHISH GARG,0
2007-08 , 2 ,ESO214 ,NATURE AND PROPERTIES OF MATERIALS , MME ,S SANGAL,0
2007-08 , 2 ,ESO218 ,COMPUTATIONAL METHODS IN ENGINEERING , CE ,S N TRIPATHI,0
2007-08 , 3 ,HSS403 ,SOCIAL AND BEHAVIOURAL ASPECTS OF HEALTH , HSS ,A K SHARMA,0
2007-08 , 1 ,IME602 ,PROBABILITY AND STATISTICS , IME ,R N SENGUPTA,0
2007-08 , 1 ,IME603 ,INTRODUCTION TO COMPUTING , IME ,VEENA BANSAL,0
2007-08 , 1 ,IME605 ,OPERATIONS RESEARCH FOR MANAGEMENT , IME ,ASHOK K MITTAL,0
2007-08 , 1 ,IME611 ,FINANCIAL ENGINEERING , IME ,KRIPA SHANKER,0
2007-08 , 2 ,IME624 ,COMPUTER AIDED DECISION SYSTEMS , IME ,KRIPA SHANKER,0
2007-08 , 1 ,IME698 ,SEMINAR , IME ,ANOOP SINGH,0
2007-08 , 2 ,IME698 ,SEMINAR , IME ,CONVENOR DPGC,0
2007-08 , 1 ,IME699 ,M TECH THESIS , IME ,CONVENOR DPGC,0
2007-08 , 2 ,IME699 ,M TECH THESIS , IME ,CONVENOR DPGC,0
2007-08 , 3 ,IME699 ,M TECH THESIS , IME ,CONVENOR DPGC,0
2007-08 , 1 ,IME799 ,PHD THESIS , IME ,CONVENOR DPGC,0
2007-08 , 2 ,IME799 ,PHD THESIS , IME ,CONVENOR DPGC,0
2007-08 , 1 ,LT601 ,INTRODUCTION TO LASERS , LT ,H WANARE,0
2007-08 , 2 ,LT611 ,LASER SYSTEMS AND APPLICATIONS , LT ,UTPAL DAS,0
2007-08 , 1 ,LT631 ,INTRODUCTION TO COHERENT AND LASER OPTICS , LT ,ASIMA PRADHAN,0
2007-08 , 2 ,LT680 ,M TECH LAB TECHNIQUES , LT ,ASIMA PRADHAN,0
2007-08 , 1 ,LT699 ,M TECH THESIS , LT ,CONVENOR DPGC,0
2007-08 , 2 ,LT699 ,M TECH THESIS , LT ,CONVENOR DPGC,0
2007-08 , 3 ,LT699 ,M TECH THESIS , LT ,CONVENOR DPGC,0
2007-08 , 1 ,MBA601 ,ACCOUNTING FOR MANAGEMENT , IME ,B V PHANI,0
2007-08 , 1 ,MBA606 ,ECONOMIC ANALYSIS FOR MANAGEMENT , IME ,RUNA SARKAR,0
2007-08 , 2 ,MBA607 ,FINANCIAL MANAGEMENT , IME ,B V PHANI,0
2007-08 , 1 ,MBA609 ,"FINANCIAL INTERMEDIARIES, FINANCIAL INSTITUTIONS &amp; REGULATIONS ", IME ,B V PHANI,0
2007-08 , 2 ,MBA610 ,INVESTMENT VALUATION AND REAL OPTIONS , IME ,ANOOP SINGH,0
2007-08 , 1 ,MBA611 ,ORGANIZATION STRUCTURE AND BEHAVIOUR , IME ,RAHUL VARMAN,0
2007-08 , 2 ,MBA616 ,HUMAN RESOURCE MANAGEMENT , IME ,RAHUL VERMAN,0
2007-08 , 2 ,MBA617 ,"SOCIAL, POLITICAL AND LEGAL ENVIRON OF BUSINESS ", IME ,RAHUL VERMAN,0
2007-08 , 2 ,MBA621 ,MANAGERIAL COMMUNICATIONS , IME ,ANOOP SINGH,0
2007-08 , 1 ,MBA622 ,MANUFACTURING STRATEGY , IME ,R R K SHARMA,0
2007-08 , 1 ,MBA623 ,STRATEGIC MANAGEMENT , IME ,A P SINHA,0
2007-08 , 1 ,MBA628 ,INTERNATIONAL BUSINESS MANAGEMENT , IME ,A P SINHA,0
2007-08 , 2 ,MBA629 ,MANAGEMENT IN A GLOBAL ECONOMY: AN INDIAN PERSPECTIVE , IME ,RUNA SARKAR,0
2007-08 , 1 ,MBA630 ,ECONOMICS OF BUSINESS POLICY , IME ,RUNA SARKAR,0
2007-08 , 1 ,MBA631 ,MARKETING MANAGEMENT , IME ,N K SHARMA,0
2007-08 , 2 ,MBA633 ,MARKETING RESEARCH , IME ,N K SHARMA,0
2007-08 , 1 ,MBA634 ,CONSUMER BEHAVIOUR , IME ,N K SHARMA,0
2007-08 , 2 ,MBA635 ,MARKETING OF SERVICES , IME ,JAYANTA CHATTERJEE,0
2007-08 , 1 ,MBA637 ,BUSINESS TO BUSINESS MARKETING , IME ,J CHATTERJEE,0
2007-08 , 1 ,MBA641 ,COMPUTING FOR MANAGEMENT , IME ,VEENA BANSAL,0
2007-08 , 2 ,MBA642 ,DATABASE MANAGEMENT , IME ,ANOOP SINGH,0
2007-08 , 2 ,MBA645 ,MANAGEMENT INFORMATION SYSTEMS , IME ,JAYANTA KIRHSHNA,0
2007-08 , 2 ,MBA646 ,ENTERPRISE INTEGRATION WITH IT , IME ,VEENA BANSAL,0
2007-08 , 1 ,MBA651 ,QUANTITATIVE METHODS FOR DECISION MAKING , IME ,P MEHTA,0
2007-08 , 2 ,MBA661 ,PRODUCTION AND OPERATIONS MANAGEMENT , IME ,P MEHTA,0
2007-08 , 1 ,MBA663 ,TOTAL QUALITY MANAGEMENT , IME ,ASHOK K MITTAL,0
2007-08 , 1 ,MBA664 ,SUPPLY CHAIN MANAGEMENT , IME ,P MEHTA,0
2007-08 , 2 ,MBA665 ,MANUFACTURING PLANNING AND CONTROL , IME ,R R K SHARMA,0
2007-08 , 2 ,MBA671 ,MANAGING SERVICE OPERATIONS , IME ,ASHOK K MITTAL,0
2007-08 , 1 ,MBA675 ,"INFRASTRUCTURE REGULATION, POLICY &amp; FINANCE ", IME ,ANOOP SINGH,0
2007-08 , 1 ,MBA676 ,"SECURITY ANALYSIS, DERIVATIVES &amp; PORTFOLIO MANAGEMENT ", IME ,R N SENGUPTA,0
2007-08 , 2 ,MBA677 ,PROJECT FINANCING &amp; MANAGEMENT , IME ,ANOOP SINGH,0
2007-08 , 2 ,MBA678 ,MANAGEMENT OF RISK IN FINANCIAL SYSTEM , IME ,R N SENGUPTA,0
2007-08 , 2 ,MBA698 ,MANAGEMENT SEMINARS , IME ,CONVENOR DPGC,0
2007-08 , 1 ,MBA698 ,MANAGEMENT SEMINARS , IME ,ANOOP SINGH,0
2007-08 , 1 ,MBA699 ,PROJECT I , IME ,ANOOP SINGH,0
2007-08 , 2 ,MBA699 ,PROJECT I , IME ,CONVENOR DPGC,0
2007-08 , 2 ,ME100 ,INTRODUCTION TO PROFESSION , ME ,A K MALLIK,0
2007-08 , 2 ,ME231 ,FLUID MECHANICS , ME ,P K PANIGRAHI,0
2007-08 , 2 ,ME251 ,ENGINEERING DESIGN AND GRAPHICS , ME ,A DUTTA,0
2007-08 , 1 ,ME300 ,SUMMER INDUSTRIAL TRAINING , ME ,J RAMKUMAR,0
2007-08 , 2 ,ME300 ,SUMMER INDUSTRIAL TRAINING , ME ,CONVENOR DUGC,0
2007-08 , 3 ,ME300 ,SUMMER INDUSTRIAL TRAINING , ME ,CONVENOR DUGC,0
2007-08 , 2 ,ME301 ,ENERGY SYSTEMS I , ME ,A K AGARWAL,0
2007-08 , 1 ,ME321 ,ADVANCED MECHANICS OF SOLIDS , ME ,P VENKITANARAYANAN,0
2007-08 , 1 ,ME341 ,HEAT AND MASS TRANSFER , ME ,P S GHOSHDASTIDAR,0
2007-08 , 2 ,ME351 ,DESIGN OF MACHINE ELEMENTS , ME ,B N BANERJEE,0
2007-08 , 1 ,ME352 ,THEORY OF MECHANISMS &amp; MACHINES , ME ,A K MALLIK,0
2007-08 , 2 ,ME353 ,DYNAMICS AND VIBRATION OF MACHINERY , ME ,N S VYAS,0
2007-08 , 1 ,ME359 ,INTERNAL COMBUSTION ENGINES , ME ,B P PUNDIR,0
2007-08 , 1 ,ME361 ,MANUFACTURING TECHNOLOGY , ME ,J RAMKUMAR,0
2007-08 , 2 ,ME371 ,MECHANICAL ENGINEERING LAB-I , ME ,B BHATTACHARYA,0
2007-08 , 1 ,ME374 ,MECHANICAL ENGG. RESEARCH , ME ,CONVENER DUGC,0
2007-08 , 1 ,ME401 ,ENERGY SYSTEMS - II , ME ,A K SAHA,0
2007-08 , 2 ,ME451 ,PROJECT - I , ME ,N N KISHORE,0
2007-08 , 1 ,ME451 ,PROJECT - I , ME ,N N KISHORE,0
2007-08 , 2 ,ME452 ,PROJECT II , ME ,N N KISHORE,0
2007-08 , 1 ,ME453 ,AUTOMATION AND CONTROL , ME ,B BHATTACHARYA,0
2007-08 , 2 ,ME461 ,MANUFACTURING SYSTEMS , ME ,V K JAIN,0
2007-08 , 1 ,ME471N ,MECHANICAL ENGINEERING LAB , ME ,V. RAGHURAM,0
2007-08 , 2 ,ME600 ,COMMUNICATION SKILLS FOR ENGINEERS , ME ,V ESWARAN,0
2007-08 , 2 ,ME617 ,ADVANCED THEORY OF TURBOMACHINERY , ME ,S SARKAR,0
2007-08 , 1 ,ME621 ,INTRODUCTION TO SOLID MECHANICS , ME ,N N KISHORE,0
2007-08 , 2 ,ME623 ,FINITE ELEMENT METHODS IN ENGINEERING MECHANICS , ME ,N N KISHORE,0
2007-08 , 1 ,ME623 ,FINITE ELEMENT METHODS IN ENGINEERING MECHANICS , ME ,S BASU,0
2007-08 , 2 ,ME624 ,CALCULUS OF VARIATIONS , ME ,B L SHARMA,0
2007-08 , 1 ,ME625 ,APPLIED DYNAMICS AND VIBRATIONS , ME ,N S VYAS,0
2007-08 , 2 ,ME627 ,NON-LINEAR VIBRATION , ME ,A K MALLIK,0
2007-08 , 1 ,ME630 ,NUMERICAL FLUID FLOW AND HEAT TRANSFER , ME ,V ESWARAN,0
2007-08 , 1 ,ME631 ,VISCOUS FLOW THEORY , ME ,S SARKAR,0
2007-08 , 2 ,ME634 ,ADVANCED COMPUTATIONAL FLUID DYNAMICS , ME ,V ESWARAN,0
2007-08 , 2 ,ME639 ,LIQUID VAPOUR PHASE CHANGE PHENOMENA , ME ,S KHANDEKAR,0
2007-08 , 1 ,ME641 ,CONDUCTION AND RADIATION , ME ,K MURALIDHAR,0
2007-08 , 2 ,ME642 ,CONVECTIVE HEAT AND MASS TRANSFER , ME ,P S GHOSHDASTIDAR,0
2007-08 , 1 ,ME647 ,INTRODUCTION TO TURBULENT FLUID MECHANICS , ME ,G BISWAS,0
2007-08 , 1 ,ME648 ,COMPUTER AIDED DESIGN OF THERMAL SYSTEMS , ME ,P K PANIGRAHI,0
2007-08 , 2 ,ME649 ,EXPERIMENTAL METHODS IN THERMAL SCIENCES , ME ,K MURALIDHAR,0
2007-08 , 1 ,ME650 ,SOLAR SYSTEM MECHANICS , ME ,ISHAN SHARMA,0
2007-08 , 1 ,ME652 ,PRINCIPLES OF DYNAMICS , ME ,A GHOSH,0
2007-08 , 2 ,ME660 ,SPACE MECHANICS , ME ,I SHARMA,0
2007-08 , 1 ,ME661 ,MACHINING SCIENCE I , ME ,S K CHOUDHURY,0
2007-08 , 1 ,ME662 ,MACHINING SCIENCE II , ME ,V K JAIN,0
2007-08 , 1 ,ME663 ,METAL FORMING , ME ,N V REDDY,0
2007-08 , 1 ,ME668 ,VIBRATION AND NOISE IN MACHINE TOOLS &amp; PRESSES , ME ,,0
2007-08 , 2 ,ME671 ,EXPERIMENTAL STRESS ANALYSIS , ME ,P ENKITANARAYANAN,0
2007-08 , 1 ,ME681 ,MATHEMATICAL METHODS IN ENGINEERING , ME ,P M DIXIT,0
2007-08 , 1 ,ME685 ,PROGRAMMING AND NUMERICAL ANALYSIS , ME ,A SAXENA,0
2007-08 , 1 ,ME690 ,ALTERNATIVE FUELS &amp; ADVANCE IN IC ENGINES , ME ,A K AGARWAL,0
2007-08 , 1 ,ME698 ,ADVANCED TOPICS: GRANULAR MATERIALS , ME ,,0
2007-08 , 1 ,ME698C ,CALCULUS OF VARIATIONS IN MECHANICS , ME ,BASANT SHARMA,0
2007-08 , 1 ,ME698D ,SPECIAL TOPICS : MICROMACHINING , ME ,A GHOSH,0
2007-08 , 2 ,ME698E ,BIO-MEMS AND MICROSYSTEMS , ME ,S BHATTACHARYA,0
2007-08 , 1 ,ME699 ,M TECH THESIS , ME ,SUMIT BASU,0
2007-08 , 2 ,ME699 ,M TECH THESIS , ME ,CONVENOR DPGC,0
2007-08 , 3 ,ME699 ,M TECH THESIS , ME ,CONVENOR DPGC,0
2007-08 , 1 ,ME699. ,M TECH THESIS (FOR DUAL DEGREE ONLY) , ME ,SUMIT BASU,0
2007-08 , 2 ,ME699. ,M TECH THESIS (FOR DUAL DEGREE ONLY) , ME ,CONVENOR DPGC,0
2007-08 , 3 ,ME699. ,M TECH THESIS (FOR DUAL DEGREE ONLY) , ME ,CONVENOR DUGC,0
2007-08 , 2 ,ME721 ,THEORY OF PLASTICITY , ME ,P M DIXIT,0
2007-08 , 2 ,ME723 ,WAVE PROPAGATION IN SOLIDS , ME ,S MAHESH,0
2007-08 , 2 ,ME729 ,MODELLING OF MECHANICAL PROPERTIES OF MATERIALS , ME ,S BASU,0
2007-08 , 2 ,ME751 ,COMPUTER AIDED ENGINEERING DESIGN , ME ,A SAXENA,0
2007-08 , 2 ,ME752 ,OPTIMIZATION METHODS IN ENGINEERING DESIGN , ME ,B DASGUPTA,0
2007-08 , 1 ,ME756 ,VIBRATION CONTROL , ME ,A K MALLIK,0
2007-08 , 2 ,ME761 ,COMPUTER AIDED MANUFACTURING , ME ,J RAMKUMAR,0
2007-08 , 1 ,ME762 ,INTRODUCTION TO ROBOTICS , ME ,A DUTTA,0
2007-08 , 2 ,ME765 ,MANUFACTURING AUTOMATION , ME ,S K CHOUDHURY,0
2007-08 , 2 ,ME779 ,RAPID PROTOTYPING &amp; TOOLING TECH. , ME ,N V REDDY,0
2007-08 , 1 ,ME799 ,PHD THESIS , ME ,CONVENOR DPGC,0
2007-08 , 2 ,ME799 ,PHD THESIS , ME ,CONVENOR DPGC,0
2007-08 , 2 ,MME100 ,INTRODUCTION TO PROFESSION , MME ,R BALASUBRAMANIAM,0
2007-08 , 1 ,MME200 ,THERMODYNAMICS OF MATERIALS , MME ,R C SHARMA,0
2007-08 , 2 ,MME210 ,METALLURGICAL KINETICS , MME ,DIPAK MAZUMDAR,0
2007-08 , 2 ,MME250 ,MATERIALS CHARACTERIZATION , MME ,GOUTHAMA,0
2007-08 , 1 ,MME310 ,MECHANICAL BEHAVIOUR OF MATERIALS , MME ,R BALASUBRAMANIAM,0
2007-08 , 1 ,MME320 ,PRINCIPLES OF METAL EXTRACTION AND REFINING , MME ,S C KORIA,0
2007-08 , 1 ,MME330 ,PHASE EQUILIBRIA IN MATERIALS , MME ,S P GUPTA,0
2007-08 , 2 ,MME331 ,PROCESS METALLURGY LAB. , MME ,S C KORIA,0
2007-08 , 2 ,MME340 ,PHASE TRANSFORMATIONS IN MATERIALS , MME ,R C SHARMA,0
2007-08 , 2 ,MME350 ,IRON AND STEELMAKING , MME ,B DEO,0
2007-08 , 2 ,MME370 ,FUNDAMENTALS OF MATERIALS PROCESSING , MME ,B BASU,0
2007-08 , 2 ,MME390 ,INDUSTRIAL TOUR , MME ,CONVENOR DUGC,0
2007-08 , 1 ,MME410 ,ELECTRONIC &amp; MAGNETIC PROPERTIES OF MATERIALS , MME ,D GUPTA,0
2007-08 , 1 ,MME415 ,PHYSICAL METALLURGY LAB , MME ,S P GUPTA,0
2007-08 , 1 ,MME424 ,MODELLING OF STEELMAKING PROCESSES , MME ,DIPAK MAZUMDAR,0
2007-08 , 2 ,MME430 ,FURNANCE TECHNOLOGIES , MME ,S C KORIA,0
2007-08 , 1 ,MME470 ,MANUFACTURING PROCESS , MME ,R K DUBE,0
2007-08 , 2 ,MME480 ,MATERIALS DEGRADATION &amp; ITS PREVENTION , MME ,R BALASUBRAMANIAM,0
2007-08 , 1 ,MME498 ,PROJECT I , MME ,CONVENOR DUGC,0
2007-08 , 2 ,MME498 ,PROJECT I , MME ,CONVENOR DUGC,0
2007-08 , 3 ,MME498 ,PROJECT I , MME ,KALLOL MANDOL,0
2007-08 , 1 ,MME499 ,PROJECT II , MME ,CONVENOR DUGC,0
2007-08 , 2 ,MME499 ,PROJECT II , MME ,CONVENOR DUGC,0
2007-08 , 3 ,MME499 ,PROJECT II , MME ,CONVENOR DUGC,0
2007-08 , 2 ,MME601 ,DISPLAY MATERIALS &amp; TECHNOLOGIES , MME ,DEEPAK GUPTA,0
2007-08 , 1 ,MME609 ,SOFT COMPUTING METHODS IN ENGINEERING PROBLEM SOLVING , MME ,B DEO,0
2007-08 , 1 ,MME613 ,ELECTROCHEMICAL TECHNOLOGY IN MATERIALS PROCESSING , MME ,R SHEKHAR,0
2007-08 , 2 ,MME626 ,HEAT AND MASS TRANSFER , MME ,RAJIV SHEKHAR,0
2007-08 , 1 ,MME650 ,FUNDAMENTALS OF STEREOLOGY &amp; APPLICATIONS TO MICROSTRUTURAL ANALYSIS , MME ,S SANGAL,0
2007-08 , 2 ,MME655 ,MODERN TRENDS IN METAL FORMING PROCESESS , MME ,R K DUBEY,0
2007-08 , 1 ,MME668 ,MATERIALS FOR BIOMEDICAL APPLICATIONS , MME ,B BASU,0
2007-08 , 1 ,MME680 ,GRAIN BOUNDARY ENGINEERING , MME ,GOUTHAMA,0
2007-08 , 2 ,MME689 ,MULTIFUNCTIONAL OXIDES: THIN FILMS &amp; CERAMICS , MME ,ASHISH GARG,0
2007-08 , 1 ,MME690 ,SEMINAR PARTICIPATION , MME ,A UPADHYAYA,0
2007-08 , 2 ,MME690 ,SEMINAR PARTICIPATION , MME ,GOUTHAMA,0
2007-08 , 1 ,MME691 ,SEMINAR PRESENTATION , MME ,A UPADHYAYA,0
2007-08 , 2 ,MME691 ,SEMINAR PRESENTATION , MME ,GOUTHAMA,0
2007-08 , 1 ,MME699 ,M TECH THESIS , MME ,CONVENOR DPGC,0
2007-08 , 2 ,MME699 ,M TECH THESIS , MME ,CONVENOR DPGC,0
2007-08 , 3 ,MME699 ,M TECH THESIS , MME ,CONVENOR DPGC,0
2007-08 , 1 ,MME799 ,PHD THESIS , MME ,CONVENOR DPGC,0
2007-08 , 2 ,MME799 ,PHD THESIS , MME ,CONVENOR DPGC,0
2007-08 , 1 ,MS601 ,STRUCTURAL &amp; MAGNETIC PROPERTIES OF MATERIALS , MS ,JITENDRA KUMAR,0
2007-08 , 1 ,MS602 ,ELECTRICAL AND DIELECTRIC MATERIALS , MS ,K SHAHI,0
2007-08 , 1 ,MS603 ,MECHANICAL PROPERTIES AND RELATED PHENOMENA , MS ,D C AGRAWAL,0
2007-08 , 2 ,MS604 ,CHARACTERIZATION OF MATERIALS , MS ,JITENDRA KUMAR,0
2007-08 , 2 ,MS605 ,MATERIALS ENGINEERING , MS ,D C AGARWAL,0
2007-08 , 2 ,MS612 ,ELECTRON MICROSCOPY &amp; MICROANALYSIS , MS ,K N RAI,0
2007-08 , 1 ,MS614 ,ENGINEERING POLYMERS , MS ,K K KAR,0
2007-08 , 1 ,MS698 ,GRADUATE SEMINAR , MS ,JITENDRA KUMAR,0
2007-08 , 2 ,MS698 ,GRADUATE SEMINAR , MS ,Y N MOHAPATRA,0
2007-08 , 1 ,MS699 ,M TECH THESIS , MS ,CONVENOR DPGC,0
2007-08 , 2 ,MS699 ,M TECH THESIS , MS ,CONVENOR DPGC,0
2007-08 , 3 ,MS699 ,M TECH THESIS , MS ,CONVENOR DPGC,0
2007-08 , 1 ,MS799 ,PHD THESIS , MS ,CONVENOR DPGC,0
2007-08 , 2 ,MS799 ,PHD THESIS , MS ,CONVENOR DPGC,0
2007-08 , 2 ,MTH100 ,INTRODUCTION TO PROFESSION , MTH ,V RAGHAVENDRA,0
2007-08 , 1 ,MTH101N ,MATHEMATICS I , MTH ,N NILAKANTAN,0
2007-08 , 2 ,MTH101R ,MATHEMATICS - I , MTH ,U B TEWARI,0
2007-08 , 1 ,MTH101S ,MATHEMATICS-I - SLOW PACED , MTH ,SHOBHA MADAN,0
2007-08 , 2 ,MTH101S ,MATHEMATICS-I - SLOW PACED , MTH ,S R PATEL,0
2007-08 , 3 ,MTH102 ,MATHEMATICS - II , MTH ,D BAHUGUNA,0
2007-08 , 2 ,MTH102N ,MATHEMATICS - II , MTH ,PARASAR MOHANTY,0
2007-08 , 3 ,MTH102N ,MATHEMATICS - II , MTH ,D BAHUGUNA,0
2007-08 , 1 ,MTH102R ,MATHEMATICS - II , MTH ,S K RAY,0
2007-08 , 1 ,MTH201N ,LINEAR ALGEBRA , MTH ,V RAGHAVENDRA,0
2007-08 , 2 ,MTH202 ,DISCRETE MATHEMATICS , MTH ,A K LAL,0
2007-08 , 1 ,MTH203N ,MATHEMATICS - III , MTH ,M K KADALBAJOO,0
2007-08 , 2 ,MTH203R ,MATHEMATICS - III , MTH ,S DUTTA,0
2007-08 , 2 ,MTH204 ,ALGEBRA I , MTH ,G SANTHANAM,0
2007-08 , 2 ,MTH215 ,NUMBER THEORY , MTH ,A K MALOO,0
2007-08 , 3 ,MTH301 ,ANALYSIS - I , MTH ,G P KAPOOR,0
2007-08 , 1 ,MTH301 ,ANALYSIS - I , MTH ,P SHUNMUGARAJ,0
2007-08 , 2 ,MTH302 ,MATHEMATICAL LOGIC , MTH ,M BANERJEE,0
2007-08 , 2 ,MTH304 ,TOPOLOGY , MTH ,APARNA DAR,0
2007-08 , 2 ,MTH306 ,LINEAR PROGRAMMING AND EXTENSIONS , MTH ,J DUTTA,0
2007-08 , 2 ,MTH308 ,PRINCIPLES OF NUMERICAL COMPUTATION , MTH ,M K KADALBAJOO,0
2007-08 , 1 ,MTH311 ,PROBABILITY THEORY - I , MTH ,I D DHARIYAL,0
2007-08 , 1 ,MTH401 ,THEORY OF COMPUTATION , MTH ,M BANERJEE,0
2007-08 , 1 ,MTH403 ,COMPLEX ANALYSIS , MTH ,PARASAR MOHANTY,0
2007-08 , 2 ,MTH404 ,ANALYSIS II , MTH ,MANJUL GUPTA,0
2007-08 , 1 ,MTH405 ,FUNCTIONAL ANALYSIS , MTH ,MANJUL GUPTA,0
2007-08 , 1 ,MTH409 ,COMPUTER PROGRAMMING AND DATA STRUCTURES , MTH ,S GHORAI,0
2007-08 , 2 ,MTH411 ,PROBABILITY THEORY II , MTH ,I D DHARIYAL,0
2007-08 , 2 ,MTH412 ,APPLIED STOCHASTIC PROCESS , MTH ,NEERAJ MISHRA,0
2007-08 , 1 ,MTH413 ,REAL AND COMPLEX ANALYSIS , MTH ,NEERAJ MISRA,0
2007-08 , 1 ,MTH415 ,MATRIX THEORY AND LINEAR ESTIMATION , MTH ,S MITRA,0
2007-08 , 2 ,MTH416 ,REGRESSION ANALYSIS , MTH ,S MITRA,0
2007-08 , 1 ,MTH417 ,SAMPLING THEORY , MTH ,A K GHOSH,0
2007-08 , 2 ,MTH418 ,INFERENCE I , MTH ,A K GHOSH,0
2007-08 , 1 ,MTH421 ,ORDINARY DIFFERENTIAL EQUATIONS , MTH ,PRAVIR DUTT,0
2007-08 , 1 ,MTH423 ,INTRODUCTION TO CONTINUUM MACHANICS , MTH ,PEEYUSH CHANDRA,0
2007-08 , 2 ,MTH424 ,PARTIAL DIFFERENTIAL EQUATIONS , MTH ,D BAHUGUNA,0
2007-08 , 3 ,MTH424 ,PARTIAL DIFFERENTIAL EQUATIONS , MTH ,PRAVIR DUTTA,0
2007-08 , 1 ,MTH428 ,MATHEMATICAL METHODS , MTH ,D BAHUGUNA,0
2007-08 , 1 ,MTH506 ,OPTIMIZATION , MTH ,JOYDEEP DUTTA,0
2007-08 , 2 ,MTH511 ,STATISTICAL SIMULATION AND DATA ANALYSIS , MTH ,D KUNDU,0
2007-08 , 2 ,MTH512 ,FOUNDATIONS OF MATHEMATICAL FINANCE , MTH ,PRAVIR DUTT,0
2007-08 , 1 ,MTH513 ,ANALYSIS OF VARIANCE , MTH ,DEBASIS KUNDU,0
2007-08 , 2 ,MTH514 ,MULTIVARIATE ANALYSIS , MTH ,SHALABH,0
2007-08 , 1 ,MTH515 ,INFERENCE - II , MTH ,AMIT MITRA,0
2007-08 , 2 ,MTH516 ,NON-PARAMETRIC INFERENCE , MTH ,I D DHARIYAL,0
2007-08 , 1 ,MTH517 ,TIME SERIES ANALYSIS , MTH ,AMIT MITRA,0
2007-08 , 2 ,MTH531 ,ALGEBRAIC TOPOLOGY , MTH ,NANDINI NILAKANTAN,0
2007-08 , 1 ,MTH551 ,MATHEMATICAL MODELLING , MTH ,PRAWAL SINHA,0
2007-08 , 1 ,MTH598 ,PROJECT-I , MTH ,CONVENOR DUGC,0
2007-08 , 2 ,MTH598 ,PROJECT-I , MTH ,CONVENOR DUGC,0
2007-08 , 1 ,MTH599 ,PROJECT- II , MTH ,CONVENOR DUGC,0
2007-08 , 2 ,MTH599 ,PROJECT- II , MTH ,CONVENOR DUGC,0
2007-08 , 1 ,MTH603 ,MATHEMATICAL MODELLING , MTH ,PRAWAL SINHA,0
2007-08 , 2 ,MTH606 ,BIOMATHEMATICS , MTH ,PEEYUSH CHANDRA,0
2007-08 , 1 ,MTH612 ,INTRODUCTION TO COMMUTATIVE ALGEBRA , MTH ,A K MALOO,0
2007-08 , 2 ,MTH621 ,FOURIER ANALYSIS , MTH ,S K RAY,0
2007-08 , 1 ,MTH628 ,TOPICS IN TOPOLOGY , MTH ,APARNA DAR,0
2007-08 , 2 ,MTH636 ,GEOMETRY OF NORMED LINEAR SPACES , MTH ,S DUTTA,0
2007-08 , 1 ,MTH641 ,COMPUTATIONAL COMPLEX ANALYSIS , MTH ,G P KAPOOR,0
2007-08 , 2 ,MTH647 ,COMPLEX ANALYTIC DYNAMICS AND FRACTALS , MTH ,G P KAPOOR,0
2007-08 , 1 ,MTH648 ,DIFFERENTIAL GEOMETRY , MTH ,G SANTHANAM,0
2007-08 , 2 ,MTH649 ,ALGEBRAIC TOPOLOGY , MTH ,NANDINI NILAKANTAN,0
2007-08 , 1 ,MTH657 ,GRAPH THEORY , MTH ,A K LAL,0
2007-08 , 2 ,MTH659 ,ADVANCED QUANTITATIVE FINANCE , MTH ,J DUTTA,0
2007-08 , 2 ,MTH669 ,THEORY OF STABILITY , MTH ,COURSE DROP,0
2007-08 , 2 ,MTH683 ,NON-PARAMETRIC INFERENCE , MTH ,I D DHARIYAL,0
2007-08 , 1 ,MTH686 ,NON-LINEAR REGRESSION , MTH ,DEBASIS KUNDU,0
2007-08 , 2 ,MTH693 ,NUMERICAL SOLUTION OF PARTIAL DIFFERENTIAL EQUATIONS , MTH ,M K KADALBAJOO,0
2007-08 , 2 ,MTH702 ,DIGITAL IMAGE PROCESSING , MTH ,R K S RATHORE,0
2007-08 , 2 ,MTH733 ,REPRESENTATION THEORY OF LINEAR LIE GROUPS , MTH ,RAMA RAWAT,0
2007-08 , 2 ,MTH751 ,ALGEBRA , MTH ,A K MALOO,0
2007-08 , 2 ,MTH752 ,MATHEMATICAL METHODS , MTH ,V RAGHAVENDRA,0
2007-08 , 1 ,MTH753 ,ANALYSIS , MTH ,U B TEWARI,0
2007-08 , 1 ,MTH754 ,PROBABILITY THEORY , MTH ,I D DHARIYAL,0
2007-08 , 2 ,MTH755 ,STATISTICAL INFERENCE , MTH ,A K GHOSH,0
2007-08 , 2 ,MTH781 ,STATISTICAL PATTERN RECOGNITION , MTH ,A K GHOSH,0
2007-08 , 1 ,MTH784 ,STATISTICAL RELIABILITY THEORY , MTH ,NEERAJ MISRA,0
2007-08 , 1 ,MTH799 ,RESEARCH , MTH ,I D DHARIYAL,0
2007-08 , 2 ,MTH799 ,RESEARCH , MTH ,CONVENOR DPGC,0
2007-08 , 2 ,MTH800 ,RESEARCH , MTH ,CONVENOR DPGC,0
2007-08 , 2 ,NT602 ,NUCLEAR AND REACTOR PHYSICS , NET ,A SENGUPTA,0
2007-08 , 2 ,NT611 ,NUCLEAR POWER ENGINEERING I , ME ,M S KALRA,0
2007-08 , 1 ,NT614 ,NUCLEAR POWER ENGINEERING II , NET ,A SENGUPTA,0
2007-08 , 2 ,NT621 ,NUCLEAR MEASUREMENTS LABORATORY , NET ,S QURESHI,0
2007-08 , 2 ,NT642 ,NON-DESTRUCTIVE EVALUATION , ME ,P MUNSHI,0
2007-08 , 1 ,NT699 ,M TECH THESIS , NET ,CONVENOR DPGC,0
2007-08 , 2 ,NT699 ,M TECH THESIS , NET ,CONVENOR DPGC,0
2007-08 , 3 ,NT699 ,M TECH THESIS , NET ,CONVENOR DPGC,0
2007-08 , 1 ,NT799 ,PHD THESIS , NET ,CONVENOR DPGC,0
2007-08 , 2 ,NT799 ,PHD THESIS , NET ,CONVENOR DPGC,0
2007-08 , 1 ,PE101 ,MORNING EXERCISE , SPEC ,DOSA,0
2007-08 , 1 ,PE102 ,EVENING EXERCISE , SPEC ,DOSA,0
2007-08 , 2 ,PE102 ,EVENING EXERCISE , SPEC ,PRAWAL SINHA,0
2007-08 , 1 ,PHI140 ,INTRODUCTION TO INDIAN PHILOSOPHY , HSS ,S RAO,0
2007-08 , 2 ,PHI141 ,INTRODUCTION TO PHILOSOPHY , HSS ,B BORUAH,0
2007-08 , 3 ,PHI142 ,INTRODUCTION TO LOGIC , HSS ,RAVISHANKAR SHARMA,0
2007-08 , 2 ,PHI142 ,INTRODUCTION TO LOGIC , HSS ,A V RAVISHANKAR SARMA,0
2007-08 , 1 ,PHI449 ,PHILOSOPHICAL PROBLEMS , HSS ,B H BORUAH,0
2007-08 , 1 ,PHI452 ,PHILOSOPHY OF COGNITIVE SCIENCE , HSS ,COURSE DROPPED,0
2007-08 , 1 ,PHI799 ,PHD THESIS , HSS ,AMMAN MADAN,0
2007-08 , 2 ,PHI799 ,PHD THESIS , HSS ,CONVENOR DPGC,0
2007-08 , 2 ,PHY100 ,INTRODUCTION TO PROFESSION , PHY ,D SAHDEV,0
2007-08 , 2 ,PHY101 ,PHYSICS - I , PHY ,S C AGARWAL,0
2007-08 , 1 ,PHY101N ,PHYSICS LAB , PHY ,S C AGARWAL,0
2007-08 , 2 ,PHY101N ,PHYSICS LAB , PHY ,S BANERJEE,0
2007-08 , 1 ,PHY102N ,PHYSICS-I , PHY ,AMIT DUTTA,0
2007-08 , 2 ,PHY102R ,PHYSICS - I , PHY ,S BANERJEE,0
2007-08 , 1 ,PHY102S ,PHYSICS-I (SLOW PACE) , PHY ,SUTAPA MUKHERJI,0
2007-08 , 2 ,PHY102S ,PHYSICS-I (SLOW PACE) , PHY ,K SHAHI,0
2007-08 , 2 ,PHY103N ,PHYSICS - II , PHY ,S A RAMAKRISHNA,0
2007-08 , 1 ,PHY103R ,PHYSICS II , PHY ,S BHATTACHARJEE,0
2007-08 , 2 ,PHY204 ,QUANTUM PHYSICS , PHY ,ANJAN KUMAR GUPTA,0
2007-08 , 2 ,PHY210 ,THERMAL PHYSICS , PHY ,SUTAPA MUKHERJI,0
2007-08 , 2 ,PHY218 ,OPTICS LAB , PHY ,ASIMA PRADHAN,0
2007-08 , 1 ,PHY224 ,OPTICAL PHYSICS , PHY ,H WANARE,0
2007-08 , 1 ,PHY305 ,PHYSICS OF UNIVERSE , PHY ,PANKAJ JAIN,0
2007-08 , 2 ,PHY306 ,ORDER AND CHAOS IN NATURE , PHY ,M K VERMA,0
2007-08 , 2 ,PHY310 ,PHYSICS OF BIO-MATERIALS : STRUCTURE &amp; DYNAMICS , PHY ,D CHOWDHURY,0
2007-08 , 1 ,PHY315 ,MODERN PHYSICS LABORATORY , PHY ,SATYENDRA KUMAR,0
2007-08 , 1 ,PHY401 ,CLASSICAL MECHANICS , PHY ,S RAYCHAUDHURI,0
2007-08 , 1 ,PHY407 ,SPECIAL &amp; GENERAL RELATIVITY , PHY ,G SENGUPTA,0
2007-08 , 2 ,PHY412 ,STATISTICAL MECHANICS , PHY ,AMIT DUTTA,0
2007-08 , 1 ,PHY421 ,MATHEMATICAL METHODS I , PHY ,S D JOGLEKAR,0
2007-08 , 2 ,PHY422 ,MATHEMATICAL METHODS II , PHY ,T SARKAR,0
2007-08 , 1 ,PHY431 ,QUANTUM MECHANICS I , PHY ,V SUBRAHMANYAM,0
2007-08 , 2 ,PHY432 ,QUANTUM MECHANICS II , PHY ,V SUBRAHMANYAM,0
2007-08 , 1 ,PHY441 ,ELECTRONICS , PHY ,K P RAJEEV,0
2007-08 , 1 ,PHY461 ,EXPERIMENTAL PHYSICS I , PHY ,R C BUDHANI,0
2007-08 , 2 ,PHY462 ,EXPERIMENTAL PHYSICS II , PHY ,R C BUDHANI,0
2007-08 , 2 ,PHY473 ,COMPUTATIONAL PHYSICS , PHY ,S BHATTACHRJEE,0
2007-08 , 2 ,PHY524 ,INTRO TO ATOMIC AND NUCLEAR , PHY ,M K HARBOLA,0
2007-08 , 1 ,PHY543 ,CONDENSED MATTER PHYSICS I , PHY ,M K HARBOLA,0
2007-08 , 1 ,PHY552 ,CLASSICAL ELECTRODYNAMICS I , PHY ,S A RAMAKRISHNA,0
2007-08 , 2 ,PHY553 ,CLASSICAL ELECTRODYNAMICS  II , PHY ,G SENGUPTA,0
2007-08 , 1 ,PHY563 ,EXPERIMENTAL PROJECT I , PHY ,K SHAHI,0
2007-08 , 1 ,PHY565 ,EXPERIMENTAL PROJECT II , PHY ,K SHAHI,0
2007-08 , 2 ,PHY566 ,EXPERIMENTAL PROJECT III , PHY ,K SHAHI,0
2007-08 , 2 ,PHY568 ,EXPERIMENTAL PROJECT IV , PHY ,K SHAHI,0
2007-08 , 1 ,PHY570 ,THEORETICAL PROJECT I , PHY ,V SUBRAHMANYAM,0
2007-08 , 2 ,PHY570 ,THEORETICAL PROJECT I , PHY ,AMIT DUTTA,0
2007-08 , 1 ,PHY571 ,THEORETICAL PROJECT II , PHY ,V SUBRAHMANYAM,0
2007-08 , 2 ,PHY571 ,THEORETICAL PROJECT II , PHY ,AMIT DUTTA,0
2007-08 , 1 ,PHY590 ,SPECIAL TOPICS IN PHYSICS , PHY ,H WANARE,0
2007-08 , 2 ,PHY590 ,SPECIAL TOPICS IN PHYSICS , PHY ,ANJAN KUMAR GUPTA,0
2007-08 , 1 ,PHY601 ,REVIEW OF CLASSICAL PHYSICS I , PHY ,M K HARBOLA,0
2007-08 , 2 ,PHY602 ,REVIEW OF QUANTUM PHYSICS I , PHY ,K P RAJEEV,0
2007-08 , 1 ,PHY603 ,REVIEW OF CLASSICAL PHYSICS II , PHY ,AVINASH SINGH,0
2007-08 , 2 ,PHY604 ,REVIEW OF QUANTUM PHYSICS II , PHY ,SHUSHIL AULUCK,0
2007-08 , 1 ,PHY615 ,NON-EQULIBRIUM STATISTICAL MECHANICS , PHY ,D CHOWDHURY,0
2007-08 , 1 ,PHY624 ,MAGNETISM IN MATERIALS , PHY ,DR Z HOSSAIN,0
2007-08 , 2 ,PHY629 ,PHYSICS AND TECHNOLOGY OF THIN FILMS , PHY ,V N KULKARNI,0
2007-08 , 2 ,PHY631 ,PHYSICS OF SEMICONDUCTOR NANOSTRUCTURES , PHY ,Y N MOHAPATRA,0
2007-08 , 1 ,PHY634 ,LOW TEMPERATURE PHYSICS , PHY ,R C BUDHANI,0
2007-08 , 1 ,PHY638 ,NUCLEAR TECHNIQUES IN SOLID STATE STUDIES , PHY ,V N KULKARNI,0
2007-08 , 2 ,PHY642 ,CONDENSED MATTER PHENOMENA IN LOW DIMENSIONAL MATERIALS , PHY ,R C BUDHANI,0
2007-08 , 1 ,PHY647 ,ELECTRONICS , PHY ,K P RAJEEV,0
2007-08 , 2 ,PHY680 ,PARTICLE PHYSICS , PHY ,PANKAJ JAIN,0
2007-08 , 1 ,PHY681 ,QUANTUM FIELD THEORY , PHY ,T SARKAR,0
2007-08 , 1 ,PHY690 ,SPECIAL TOPICS IN PHYSICS , PHY ,,0
2007-08 , 2 ,PHY690 ,SPECIAL TOPICS IN PHYSICS , PHY ,AVINASH SINGH,0
2007-08 , 1 ,PHY690E ,QUANTUM DYNAMICS , PHY ,COURSE DROPPED,0
2007-08 , 2 ,PHY690V ,SPECIAL TOPICS IN COSMOLOGY , PHY ,PANKAJ JAIN,0
2007-08 , 1 ,PHY799 ,RESEARCH , PHY ,CONVENOR DPGC,0
2007-08 , 2 ,PHY799 ,RESEARCH , PHY ,CONVENOR DPGC,0
2007-08 , 3 ,PHY799 ,RESEARCH , PHY ,,0
2007-08 , 2 ,PHY800 ,RESEARCH , PHY ,DROPPED,0
2007-08 , 1 ,PSY151 ,INTRODUCTION TO PSYCHOLOGY , HSS ,L KRISHNAN,0
2007-08 , 2 ,PSY151 ,INTRODUCTION TO PSYCHOLOGY , HSS ,BRIJ BHUSHAN,0
2007-08 , 1 ,PSY152 ,APPLICATION OF PSYCHOLOGY TO LIFE , HSS ,K RAVIPRIYA                            1,0
2007-08 , 2 ,PSY152 ,APPLICATION OF PSYCHOLOGY TO LIFE , HSS ,L KRISHNAN                             1,0
2007-08 , 1 ,PSY458 ,ORGANIZATIONAL AND ADMINISTRATIVE PSYCHOLOGY , HSS ,A K SINHA,0
2007-08 , 2 ,PSY458 ,ORGANIZATIONAL AND ADMINISTRATIVE PSYCHOLOGY , HSS ,A K SINHA,0
2007-08 , 1 ,PSY468 ,SOCIAL COGNITION , HSS ,SHIKHA DIXIT,0
2007-08 , 2 ,PSY468 ,SOCIAL COGNITION , HSS ,S DIXIT,0
2007-08 , 2 ,PSY775 ,FUNDAMENTAL OF NEUROPSYCHOLOGY , HSS ,BRAJ BHUSHAN,0
2007-08 , 1 ,PSY776 ,SEMINAR COURSE IN PSYCHOLOGY , HSS ,A K SINHA,0
2007-08 , 1 ,PSY777 ,ELEMENTS OF STATISTICAL ANALYSIS , HSS ,A K SINHA,0
2007-08 , 2 ,PSY780 ,PSYCHOLOGY OF PERSONALITY , HSS ,L KRISHNAN,0
2007-08 , 1 ,PSY783 ,ADVANCED EXPERIMENTAL SOCIAL PSYCHOLOGY , HSS ,L  KRISHNAN,0
2007-08 , 2 ,PSY784 ,APPLIED SOCIAL PSYCHOLOGY , HSS ,KUMAR RAVI PRIYA,0
2007-08 , 2 ,PSY787 ,MANAGEMENT OF ORGANIZATIONAL BEHAVIOUR , HSS ,A K SINHA,0
2007-08 , 1 ,PSY790 ,HUMAN COGNITIVE PROCESSES , HSS ,S DIXIT,0
2007-08 , 1 ,PSY796 ,CROSS-CULTURAL PERSPECTIVES IN PSYCHOLOGY , HSS ,K RAVI PRIYA,0
2007-08 , 1 ,PSY799 ,PHD THESIS , HSS ,AMMAN MADAN,0
2007-08 , 2 ,PSY799 ,PHD THESIS , HSS ,CONVENOR DPGC,0
2007-08 , 2 ,SE301 ,QUANTUM PHYSICS , PHY ,ANJAN KUMAR GUPTA,0
2007-08 , 2 ,SE304 ,PHYSICS OF BIOMATERIALS: STRUCTURE &amp; DYNAMICS , PHY ,D CHOWDHURY,0
2007-08 , 1 ,SE311 ,PHYSICS OF UNIVERSE , PHY ,PANKAJ JAIN,0
2007-08 , 2 ,SE312 ,ORDER AND CHAOS , PHY ,M K VERMA,0
2007-08 , 1 ,SE314 ,CLASSICAL MECHANICS , PHY ,S RAYCHAUDHURI,0
2007-08 , 1 ,SE315 ,SPECIAL AND GENERAL RELATIVITY , PHY ,G SENGUPTA,0
2007-08 , 2 ,SE321 ,THERMAL PHYSICS , PHY ,SUTAPA MUKHERJI,0
2007-08 , 2 ,SE331 ,BASIC PHYSICAL CHEMISTRY , CHM ,M RAGANATHAN,0
2007-08 , 1 ,SE332 ,BASIC ORGANIC CHEMISTRY , CHM ,M L N RAO,0
2007-08 , 1 ,SE333 ,INDUSTRIAL ORGANIC CHEMISTRY , CHM ,J N MOORTHY,0
2007-08 , 3 ,SE334 ,BIOSYSTEMS , CHM ,R GURUNAH,0
2007-08 , 2 ,SE334 ,BIOSYSTEMS , CHM ,R GURUNATH,0
2007-08 , 3 ,SE335 ,SYMMETRY IN CHEMISTRY , CHM ,J K BERA,0
2007-08 , 1 ,SE364 ,MATHEMATICAL MODELING , MTH ,PRAWAL SINHA,0
2007-08 , 2 ,SE365 ,COMPLEX  ANALYTIC DYNAMIC &amp; FRACTALS , MTH ,G P KAPOOR,0
2007-08 , 2 ,SE366 ,DIGITAL IMAGE PROCESSING , MTH ,R K S RATHORE,0
2007-08 , 2 ,SE377 ,STOCHASTIC PROCESSES AND APPLICATIONS , EE ,R K BANSAL,0
2007-08 , 1 ,SE382 ,PRINCIPLES OF COMPUTERIZED TOMOGRAPHY , ME ,P MUNSHI,0
2007-08 , 1 ,SE396 ,CONCEPTUAL FOUNDATIONS OF MECHANICS , ME ,A GHOSH,0
2007-08 , 1 ,SE397 ,EARTH SYSTEMS , CE ,RAJIV SINHA,0
2007-08 , 1 ,SE421 ,INTRODUCTION TO MODERN BIOLOGY , BSBE ,P SINHA,0
2007-08 , 1 ,SOC171 ,INTRODUCTORY SOCIOLOGY , HSS ,A K SHARMA,0
2007-08 , 2 ,SOC171 ,INTRODUCTORY SOCIOLOGY , HSS ,B K PATTNAIK,0
2007-08 , 1 ,SOC473 ,INDIAN SOCIETY AND CULTURE , HSS ,B K PATTANAIK,0
2007-08 , 1 ,SOC474 ,INDUSTRIAL SOCIOLOGY , HSS ,AMMAN MADAN,0
2007-08 , 2 ,SOC474 ,INDUSTRIAL SOCIOLOGY , HSS ,A MADAN,0
2007-08 , 2 ,SOC720 ,RESEARCH METHODS , HSS ,B K PATNAIK,0
2007-08 , 1 ,SOC721 ,SOCIOLOGICAL THEORY , HSS ,B K PATTANAIK,0
2007-08 , 1 ,SOC723 ,INTRODUCTION TO STATISTICAL INFERENCE , HSS ,A K SHARMA,0
2007-08 , 2 ,SOC723 ,INTRODUCTION TO STATISTICAL INFERENCE , HSS ,A K SHARMA,0
2007-08 , 2 ,SOC733 ,POPULATION IN BEHAVIOURAL SYSTEMS , HSS ,A K SHARMA,0
2007-08 , 2 ,SOC745 ,SOCIAL THEORY IN  LATE TWENTIETH CENTURY , HSS ,AMMAN MADAN,0
2007-08 , 1 ,SOC748 ,EDUCATION AND SOCIAL CHANGE , HSS ,AMMAN MADAN,0
2007-08 , 1 ,SOC799 ,PHD THESIS , HSS ,AMMAN MADAN,0
2007-08 , 2 ,SOC799 ,PHD THESIS , HSS ,CONVENOR DPGC,0
2007-08 , 1 ,STA799 ,PH.D THESIS , STA ,I D DHARIYAL,0
2007-08 , 2 ,STA800 ,RESEARCH , STA ,CONVENOR DPGC,0
2007-08 , 1 ,TA101N ,ENGINEERING GRAPHICS , CE ,SARVESH CHANDRA,0
2007-08 , 2 ,TA101N ,ENGINEERING GRAPHICS , CE ,C  V R MURTY,0
2007-08 , 1 ,TA201N ,INTRODUCTION TO MANUFACTURING PROCESSES , MSE ,A UPADHYAYA,0
2007-08 , 2 ,TA201N ,INTRODUCTION TO MANUFACTURING PROCESSES , MSE ,A UPADHAYAYA,0
